990890291.jpg,https://drive.google.com/thumbnail?id=1HXeJ2tRQ8R-81U6ViKxVu9djEJF6OVHE&sz=w1000
9950858.jpg,https://drive.google.com/thumbnail?id=1iWAXYOTOgbqUVZjptlJh-LSeNwWQ2MF6&sz=w1000
96985174.jpg,https://drive.google.com/thumbnail?id=1o2dDJTsJWbLzhZuPr5IktF8tFMaM2jP0&sz=w1000
96051221.jpg,https://drive.google.com/thumbnail?id=1ZtmjKv4Jjr9VXc7Au71e2OALtYpmT5Tj&sz=w1000
961664774.jpg,https://drive.google.com/thumbnail?id=1zACJ5brdTfBlvTXWXdpkURSHp1HKhHBC&sz=w1000
889751330.jpg,https://drive.google.com/thumbnail?id=1cXDkacE0woTygSRamm8Pu7370JXPpEZG&sz=w1000
89353191.jpg,https://drive.google.com/thumbnail?id=1iWxIc73hpR9-cf7_RV_f__nLHVWqBW0Q&sz=w1000
881443395.jpg,https://drive.google.com/thumbnail?id=1qSJiECrD8SHtEpnPKD2dYwntneDGy4th&sz=w1000
9035232.jpg,https://drive.google.com/thumbnail?id=14U2M5fD-tu8WhWSRRnzsUlq3G77op_Gp&sz=w1000
89253626.jpg,https://drive.google.com/thumbnail?id=1s9BXF1cXFy4mvQqBEJFF0WBVEakJkxDA&sz=w1000
85707689.jpg,https://drive.google.com/thumbnail?id=1qmqQGOOXIr82vAqSU8z-5CLiYgvM2Xu2&sz=w1000
8136850076.jpg,https://drive.google.com/thumbnail?id=1OkVtu3e0IwK6Ow_Ri-BkCjEaLUS6hhna&sz=w1000
81125088.jpg,https://drive.google.com/thumbnail?id=1qolqo4nur9tyYwdO1-9zC8-75bogD1OW&sz=w1000
8127485677.jpg,https://drive.google.com/thumbnail?id=1ID68D3XUn7j41GxuRDn762Bpo4QmHecn&sz=w1000
8042603870.jpg,https://drive.google.com/thumbnail?id=1X4tBFRc57T70ZguFAWwbD4zE-RYO6BcS&sz=w1000
8052328504.jpg,https://drive.google.com/thumbnail?id=1Qb_R9fBLnlTeRVOpKgOKKzsV2j-Khn0F&sz=w1000
8025717431.jpg,https://drive.google.com/thumbnail?id=1AyI9nIMviGriI8gpKAuXTZzpOqq0zw7V&sz=w1000
8067804631.jpg,https://drive.google.com/thumbnail?id=1pE4vJhToflwRf9lnPBevb1GcThhhq53L&sz=w1000
8088028369.jpg,https://drive.google.com/thumbnail?id=10ZD1xtgy8gq5Wsf7DamVOH4UqT6-scR9&sz=w1000
8041006083.jpg,https://drive.google.com/thumbnail?id=1QBC_GsyHh-3PG21ZBMwZiBiq2gMr9-fI&sz=w1000
810790771.jpg,https://drive.google.com/thumbnail?id=1AxzlXArDZXjCvPXRSMuD_Tiqx3P3AkYb&sz=w1000
7981205069.jpg,https://drive.google.com/thumbnail?id=1u8ekl-6BqQ4BEERXTl41zXRPmWbLoDwL&sz=w1000
7887657732.jpg,https://drive.google.com/thumbnail?id=1ADr8jfnnIqhho8oaix4NTvcUnoXJKfxS&sz=w1000
7922678762.jpg,https://drive.google.com/thumbnail?id=1afE5La-njOBFL2SVI4XUMIVF04jfLRXl&sz=w1000
7936399880.jpg,https://drive.google.com/thumbnail?id=1fet8c62tCoIVv09waMfkX-VbdppHICuh&sz=w1000
7900347098.jpg,https://drive.google.com/thumbnail?id=1YFfPyBhbkfilhdL5hADTleyMyk0vKndX&sz=w1000
7852369036.jpg,https://drive.google.com/thumbnail?id=1iDy5IPIWWKnOaeC7wjvwSOZ-QWx2rhoZ&sz=w1000
7718605530.jpg,https://drive.google.com/thumbnail?id=1oTWoi9EDqIR69Mc8DJ2kBU7tLP2HBqAw&sz=w1000
7710096952.jpg,https://drive.google.com/thumbnail?id=1w-7ZJhgMeWQN1CUr1lH4qm6rWKocgDtl&sz=w1000
7724191016.jpg,https://drive.google.com/thumbnail?id=1E04lO4rTxf72tNRFd-MsVr3lVl4SSgat&sz=w1000
7663275698.jpg,https://drive.google.com/thumbnail?id=1aIrbwhFkVeqfwkrlvKgrx1YoeyTK2Jqa&sz=w1000
7671490798.jpg,https://drive.google.com/thumbnail?id=14CNKLP_u5pcvP4OI6ddu7642acYgevE0&sz=w1000
7677915788.jpg,https://drive.google.com/thumbnail?id=1RPiIdJaHTPEK-Qgyg-Bfvxe5hhDDCOJH&sz=w1000
7632093958.jpg,https://drive.google.com/thumbnail?id=1X0awKojKHyaA_eNLIFAy7onWsXiLCny4&sz=w1000
75953797.jpg,https://drive.google.com/thumbnail?id=1kpceldPXhL3fWUNHkIIJM17r7Lfkb_Tr&sz=w1000
75897060.jpg,https://drive.google.com/thumbnail?id=16DwX3mVE5REf33Cm0cjRQVdlhXfHpRlt&sz=w1000
7430282012.jpg,https://drive.google.com/thumbnail?id=1hwK4qy3fHz3KmHITdmUzQkQdNV2JbId-&sz=w1000
7527111.jpg,https://drive.google.com/thumbnail?id=13fy35eyNB05nK49OlKLFdOFOpYpiHsee&sz=w1000
7512701906.jpg,https://drive.google.com/thumbnail?id=1-KrbhejP8C1_1ffKyFjsj1Dwcbv_xw0I&sz=w1000
7464079150.jpg,https://drive.google.com/thumbnail?id=159OtkMwcgUdGcNvouuwRakp4M8AausKZ&sz=w1000
7492267690.jpg,https://drive.google.com/thumbnail?id=1dEQsy4wIfYv91ee7AinZJZ00-VqjmUgf&sz=w1000
7439117786.jpg,https://drive.google.com/thumbnail?id=1lE44b4wRPFd-rWZsqA58oqlALDpkyYGA&sz=w1000
7357208586.jpg,https://drive.google.com/thumbnail?id=1Na6nw7U9CqPqUdSHWpYE0MqqP-YIfItW&sz=w1000
73636276.jpg,https://drive.google.com/thumbnail?id=1fKfYi8sM_wyMqRvdb9T8opQDHYr71AJl&sz=w1000
7345191578.jpg,https://drive.google.com/thumbnail?id=1hSwf7HgNU2GLOquMzu13I6iQUMWUkIxn&sz=w1000
7360496140.jpg,https://drive.google.com/thumbnail?id=1czQaafJqNl5FgpP5voWOfsjm6ghWEBk-&sz=w1000
7194592318.jpg,https://drive.google.com/thumbnail?id=1xRHxy-SNkSRGoy7imZYuccxt_zckHq4v&sz=w1000
70645290.jpg,https://drive.google.com/thumbnail?id=1rbet_1FnQZxB_oNoKwlMYjuvIdQEEA9A&sz=w1000
7072093185.jpg,https://drive.google.com/thumbnail?id=1TqTaEdu0EHEY2xFzQlIEwFqFs2NUO--d&sz=w1000
6988434736.jpg,https://drive.google.com/thumbnail?id=1D88Rfk3vazjC2avsjogxhKJpXdFl8v5Q&sz=w1000
7024546259.jpg,https://drive.google.com/thumbnail?id=1gj0C8Zn9qtTBnaLLfe_Rc6-Oh40bDG0c&sz=w1000
6998429934.jpg,https://drive.google.com/thumbnail?id=1YOLNUnv1ELafz0GgAHrk2_IcwkkUMG3f&sz=w1000
6999554751.jpg,https://drive.google.com/thumbnail?id=1BdDafBhE1IyBDbQgZVhUIrhZht_mt8E9&sz=w1000
6979479436.jpg,https://drive.google.com/thumbnail?id=1mpUFuCuoximPrahCUT2EtS0woc0p8a8h&sz=w1000
6989697177.jpg,https://drive.google.com/thumbnail?id=1Tyj8eHmg6nXOW5WL65oeDpFR4O_Kl_jL&sz=w1000
70413244.jpg,https://drive.google.com/thumbnail?id=1wgXAVp__vsYsy9Vl-05W5wm9I1kQgi55&sz=w1000
7058943627.jpg,https://drive.google.com/thumbnail?id=13rBrL_MA6uR6vIY7ZbOcXcLJ-dE0Wm0W&sz=w1000
70074570.jpg,https://drive.google.com/thumbnail?id=1IX5ObZynoehqNMAMvZZqGG80jkYWM-0R&sz=w1000
69482590.jpg,https://drive.google.com/thumbnail?id=1TKqlr75CVF1IPCUmxjxCDhM4HxeP2jfF&sz=w1000
69189650.jpg,https://drive.google.com/thumbnail?id=1-2MraMaBD5L9PmQJV2UJ_7rk5hSE_Sxq&sz=w1000
694496803.jpg,https://drive.google.com/thumbnail?id=1Dbu_AVgQ8N7S7miQPrhXxzpQ-m9B8fbs&sz=w1000
6939157103.jpg,https://drive.google.com/thumbnail?id=1r-RV6v8xF5rYsMWFgZuvtS-OsBmacv3j&sz=w1000
6917718093.jpg,https://drive.google.com/thumbnail?id=1MuKGWBk0glSI0h1-PkCO4u5vTi1nmi46&sz=w1000
6920532.jpg,https://drive.google.com/thumbnail?id=13aIq7l70QhcH7ndvRjR_DTZsJigSaWLB&sz=w1000
6938544272.jpg,https://drive.google.com/thumbnail?id=1ZNR69GQLULnEU8I7c4V0u3wpnf8Y4yJT&sz=w1000
6959680775.jpg,https://drive.google.com/thumbnail?id=1uNofFyASnYCjEcYClj9KNKaHMvEkvZNp&sz=w1000
685717421.jpg,https://drive.google.com/thumbnail?id=1BxcYDGoEciYj5Z2rj2eMYCgopvp2z-nb&sz=w1000
6905008788.jpg,https://drive.google.com/thumbnail?id=13_AhHhvBYvayEuwkdJouQCMJ6tyuA6c7&sz=w1000
6851709247.jpg,https://drive.google.com/thumbnail?id=1Gkts4qRhUn_ZZELzDlBn9cOxa30X_1J4&sz=w1000
6784757122.jpg,https://drive.google.com/thumbnail?id=1EaGcslVAv-TiP-HVKQiAHR0MBnggXpfW&sz=w1000
6836166265.jpg,https://drive.google.com/thumbnail?id=1oGUpdZ670qsmEnvK3IkVUqBgL-Xq6fHQ&sz=w1000
6809746776.jpg,https://drive.google.com/thumbnail?id=1clXia4zXeX9jKiET6uSsHl_SUcNQzdkT&sz=w1000
6844253986.jpg,https://drive.google.com/thumbnail?id=1hx0MhLnNSHaUrwtergLF1AMLpoxMWIXF&sz=w1000
6847401646.jpg,https://drive.google.com/thumbnail?id=1mitcJ9zaqypCyIebDGmPmGmxF614SBax&sz=w1000
6786717458.jpg,https://drive.google.com/thumbnail?id=1shxwXtl9EcaN1TevL1kCWbGKY1puehdB&sz=w1000
6838087446.jpg,https://drive.google.com/thumbnail?id=1QQHrLpKAi-Swe3-fcgLmgi_bixs9KSYR&sz=w1000
6775386680.jpg,https://drive.google.com/thumbnail?id=125ZFD6Hr_XWgiqOvF6q7qyxsuZL5Bv1a&sz=w1000
6828313172.jpg,https://drive.google.com/thumbnail?id=1QPlx0D1mZsIMQ1TPIcnhAFEJ9e24rQ-O&sz=w1000
6773067336.jpg,https://drive.google.com/thumbnail?id=1TWGZOi6GbJBTn2w3SkUQ_c2WK08VwgEV&sz=w1000
6758092327.jpg,https://drive.google.com/thumbnail?id=11ihI2MaId8ZPOKpcpbjSCqZx4cffiy8y&sz=w1000
6676181181.jpg,https://drive.google.com/thumbnail?id=1Pee1B4gwdp4dyrpL32ccQEUWrVUzuelb&sz=w1000
6635990951.jpg,https://drive.google.com/thumbnail?id=1Wn2ToPjzy13qgAWqjXTibp6or3rLcneO&sz=w1000
6662693149.jpg,https://drive.google.com/thumbnail?id=1B3GWISvEk76huTrKpeIRyLP5uahD3Vkt&sz=w1000
6733162475.jpg,https://drive.google.com/thumbnail?id=1ziIYM8HyPiyYcXxzWRYuLql_crxA33uY&sz=w1000
6592762429.jpg,https://drive.google.com/thumbnail?id=1Lmc441OygEQ4XqLOFOTYSkLuT7kUc0dm&sz=w1000
6556863679.jpg,https://drive.google.com/thumbnail?id=19MIpBKej2XCHAbh2aRiObY0cECo-Lr3l&sz=w1000
6617357521.jpg,https://drive.google.com/thumbnail?id=1u5UFD6aZ2Ggl1dMNkvqu4o2ilyY6Ikcl&sz=w1000
661757041.jpg,https://drive.google.com/thumbnail?id=1JDM6xJmT21HUv4PXcrruGw1qenLK7yp5&sz=w1000
6617044713.jpg,https://drive.google.com/thumbnail?id=17lq9V1kV39bWFdB47t_xbHdAlG9JwC28&sz=w1000
6533934303.jpg,https://drive.google.com/thumbnail?id=10WgwDOEmUTn28XMCzuD0yzdsuONfzVtH&sz=w1000
64716145.jpg,https://drive.google.com/thumbnail?id=1A3gy9MLYpj10SESwyJgpXEfaw8xYtMKG&sz=w1000
6288191752.jpg,https://drive.google.com/thumbnail?id=1Bp6_htEJtNVcW0YOwBelUCf7lS-Yf0Ag&sz=w1000
6283530328.jpg,https://drive.google.com/thumbnail?id=1zUiu06X_YgM2dE7zyo8naAROoZGk4hB0&sz=w1000
6322363637.jpg,https://drive.google.com/thumbnail?id=1iDvCwI86ZN2f-KAMVcgTpxFGCMTxTA-K&sz=w1000
6301591350.jpg,https://drive.google.com/thumbnail?id=1Q4puqnc7yclxOlw0irtQks-bhzORBM5F&sz=w1000
6320721815.jpg,https://drive.google.com/thumbnail?id=1HGmJb4_RcMH2STzgwknXuBXSSQmnmPbI&sz=w1000
6339096.jpg,https://drive.google.com/thumbnail?id=1tN82RXRlMWR91856BvKv_Md3ZHtQwzZ7&sz=w1000
6320597297.jpg,https://drive.google.com/thumbnail?id=1TmPR7pFu3Klcrh9uDufA6rVQg37Swthd&sz=w1000
6247027584.jpg,https://drive.google.com/thumbnail?id=1OFdpv7Rxa5aXVcfnAw0INynKVa_E9DVi&sz=w1000
6275746867.jpg,https://drive.google.com/thumbnail?id=1huH25qxXeO7sS6l86i_UGAtGul7HuxnA&sz=w1000
6224759631.jpg,https://drive.google.com/thumbnail?id=1on4Y_tREBvSg4AcigYpsFavwIBKIdbax&sz=w1000
6214239936.jpg,https://drive.google.com/thumbnail?id=1Ji62jgwyvCAsOPPCp9K25_S-AgEexb-M&sz=w1000
6214447.jpg,https://drive.google.com/thumbnail?id=14SX-fpuzJQK6wT4hP40aUizGTfkbUHWQ&sz=w1000
6275000207.jpg,https://drive.google.com/thumbnail?id=1H-otEWcBI67nfqdLXqsQ4ziEUwUSkXs-&sz=w1000
623155897.jpg,https://drive.google.com/thumbnail?id=1od8YB0X20RPcku-WochNHRY2SA49SrI_&sz=w1000
6206278823.jpg,https://drive.google.com/thumbnail?id=1qIn7cqhLYPW8qQbD5v9A-4aOWlQc0dTK&sz=w1000
6191733410.jpg,https://drive.google.com/thumbnail?id=1pUB1II6S3fOlrOeOBfDDxK6KVLyQ6Fsk&sz=w1000
6147060999.jpg,https://drive.google.com/thumbnail?id=1iOMUpCLvxzkdNOmCy_zDOLVi2Xj3QxlA&sz=w1000
6152180229.jpg,https://drive.google.com/thumbnail?id=1MjlNnI0ZyW6bTyavY6ZQYM1Hk-8YbbXM&sz=w1000
6188752802.jpg,https://drive.google.com/thumbnail?id=1fP22u1Wf7dsTM_NsyHhrmJev4XrI1x8z&sz=w1000
6160319160.jpg,https://drive.google.com/thumbnail?id=1T9WEFzjqUngr2I2RdwoPfMtvxE30W8s_&sz=w1000
6116491209.jpg,https://drive.google.com/thumbnail?id=1Qz1qRvJbCEa5znpPPAiQ3gkRSUq0zcG0&sz=w1000
6080747763.jpg,https://drive.google.com/thumbnail?id=17_Q4X9nbwvGJWkxQQBXlqWKCJ6mV6eMZ&sz=w1000
6077671447.jpg,https://drive.google.com/thumbnail?id=1vdlS-09dxH2_ViP6mqyhRMR0NBLxzjv_&sz=w1000
6060344876.jpg,https://drive.google.com/thumbnail?id=1ObL3mI4ZAnCPXGq8-oceORRm7Nayw0jN&sz=w1000
609681901.jpg,https://drive.google.com/thumbnail?id=1E7jHUdH-7gwkT-JAqxur5dyi2ms_nNF6&sz=w1000
6066636675.jpg,https://drive.google.com/thumbnail?id=17Cty_EmGx5D4LfN7IE0NMrD4ixkStZ2b&sz=w1000
6031795624.jpg,https://drive.google.com/thumbnail?id=1EYrnVgrdwS5HFJf1DX2h0778TO9qE3ww&sz=w1000
5995817000.jpg,https://drive.google.com/thumbnail?id=1_XWT_bQ-ZZxtJ7Ax3e-0SeUD9CLimU9p&sz=w1000
5897050379.jpg,https://drive.google.com/thumbnail?id=1nXKGr88KDa4Oja140dlm6TKfN1city-P&sz=w1000
5894551808.jpg,https://drive.google.com/thumbnail?id=1XXm8hpMCaDUW0ATsaX07e2zLPwQH9QJP&sz=w1000
594758693.jpg,https://drive.google.com/thumbnail?id=1l_rtFVCD8qzfnlbOQP6fgD4Y1qixpoCl&sz=w1000
5897874398.jpg,https://drive.google.com/thumbnail?id=1O-fhX6HDLiKFsuq5htYBO28WmMhbv8db&sz=w1000
5859913309.jpg,https://drive.google.com/thumbnail?id=1bTOd0Kr961ofGirzifs7eMXehIwns38j&sz=w1000
5847749710.jpg,https://drive.google.com/thumbnail?id=1aDO9Wk05YhkM5rBQCoJ2H0uhdDh4qvkd&sz=w1000
58363928.jpg,https://drive.google.com/thumbnail?id=1z7WbRmGvBG2HYgnSHI3x6AI62ATc2nj5&sz=w1000
5804672051.jpg,https://drive.google.com/thumbnail?id=1VDopfq9cq6je8Q1-VmVv6QIej5jsOBUR&sz=w1000
5885795253.jpg,https://drive.google.com/thumbnail?id=1EvALbUu4tRcWgZspaq-y0mreptpHlku2&sz=w1000
5721468367.jpg,https://drive.google.com/thumbnail?id=1NXt-LVTCc_4j7GPxmWIUnkerxJmTAuTm&sz=w1000
5706454140.jpg,https://drive.google.com/thumbnail?id=1ZsGzLFO5sggXiDeGy3kRVPEJJDFS9RA9&sz=w1000
5705242347.jpg,https://drive.google.com/thumbnail?id=1lWCepnVV00EZevMu2B_QquhKBwHFsbzE&sz=w1000
5762731952.jpg,https://drive.google.com/thumbnail?id=17Ju8Qqz9Gr_43htDGmJwYKY4MpOF6dnA&sz=w1000
5743380092.jpg,https://drive.google.com/thumbnail?id=1LqgwA6ZDqvPdWPxxTgyv9NVrywPhS8RF&sz=w1000
5769574991.jpg,https://drive.google.com/thumbnail?id=1O0EKhSF-SHWpdRsgXLvHCmKGZ2jP2WmJ&sz=w1000
5712096379.jpg,https://drive.google.com/thumbnail?id=1RvopIClaBX75EY9twlO0f5wMqOQ9Z9oO&sz=w1000
5735222957.jpg,https://drive.google.com/thumbnail?id=12UmTbcZn1Bn8TShUgysWTzrox1qxMyk8&sz=w1000
5713261883.jpg,https://drive.google.com/thumbnail?id=1sOlqEiHVS1NrJSg0beCDiRpJahSCrkHI&sz=w1000
5726018984.jpg,https://drive.google.com/thumbnail?id=1SlCZb7TgGgYUGOg8QbJp11jb7C8gmopL&sz=w1000
5676780431.jpg,https://drive.google.com/thumbnail?id=1zAv3Pmn9jIpRMaxjpcYYP8EJzOdZSh50&sz=w1000
5688558209.jpg,https://drive.google.com/thumbnail?id=1Ln5WJWiqIMJ861ldXtT3Ebb_sCmo5wZ8&sz=w1000
56659639.jpg,https://drive.google.com/thumbnail?id=1FugSGYlXAVx1X6eic2v5S4GrKfDijX_o&sz=w1000
5637994240.jpg,https://drive.google.com/thumbnail?id=1CqgndOXgkGcTL8Q3t1GAzKDVIUiBHf3i&sz=w1000
5518763793.jpg,https://drive.google.com/thumbnail?id=1q9szFBtNzzNTIXiGj0w9pwaEPNEQLf7T&sz=w1000
553918837.jpg,https://drive.google.com/thumbnail?id=1_zS68kpHga2sXfCqncL3PeNdbzo_W3jw&sz=w1000
5591545538.jpg,https://drive.google.com/thumbnail?id=1gefVwoxUFxmGiKwkzALcooIvfT-IfnSr&sz=w1000
5519356488.jpg,https://drive.google.com/thumbnail?id=19sIqo4zz_pmcbhNF_gy6dTC2O7mTIvu1&sz=w1000
5586889028.jpg,https://drive.google.com/thumbnail?id=1lCC5xYiObHNZONke92VyINC6R6rTFlAL&sz=w1000
5582659196.jpg,https://drive.google.com/thumbnail?id=1O2mVY3PZ2davWgUZDHCiVgkr-zpiFMo-&sz=w1000
5483441438.jpg,https://drive.google.com/thumbnail?id=17xcx7GpBBOmwupErD7pXctIQeuOXmk4d&sz=w1000
5501939468.jpg,https://drive.google.com/thumbnail?id=1LJ-9iLzy5TF9_uw6VL12i3MgcHAZtylJ&sz=w1000
5483599902.jpg,https://drive.google.com/thumbnail?id=1KsjbJ4H80b1uhkh7Pm1_6sKbTthmck4R&sz=w1000
544046588.jpg,https://drive.google.com/thumbnail?id=1Hpi9t92hFAg0TwbrQS3rhoECxluqCVCO&sz=w1000
5435865134.jpg,https://drive.google.com/thumbnail?id=1MkibFDEwesx9UFLHviOKO8XqI67RlEmQ&sz=w1000
540791807.jpg,https://drive.google.com/thumbnail?id=1d43oB9uG7Iak7SxxjsQlJ6XqrhSmL5kH&sz=w1000
5352437063.jpg,https://drive.google.com/thumbnail?id=1Ptvp32fx2TvM2_D6TwBFJtdDcOvuSD2d&sz=w1000
5388634274.jpg,https://drive.google.com/thumbnail?id=1vSrRjGRiR6YZHEyzno88F806cQ7bkN6a&sz=w1000
535123126.jpg,https://drive.google.com/thumbnail?id=18EgcFsRbbJsPdZVx-526A6VESpJzl2QE&sz=w1000
5273781492.jpg,https://drive.google.com/thumbnail?id=1MUHIoEBcgbR7_RR_9HArbShfy9NkpsNm&sz=w1000
5302864546.jpg,https://drive.google.com/thumbnail?id=1NDM1pPEliCOKU4Hk2N7dnzYMfaATrycK&sz=w1000
529425723.jpg,https://drive.google.com/thumbnail?id=1mZ3wrSYjLxss4-16UElclHA6qn6npE5b&sz=w1000
532241548.jpg,https://drive.google.com/thumbnail?id=1T_Mv8kaxoZZOOifVGfFtipvZMVasf3AL&sz=w1000
529328292.jpg,https://drive.google.com/thumbnail?id=1MQdWRgPnnW3WnCT6g4QYguH9FS3Wm3js&sz=w1000
528517845.jpg,https://drive.google.com/thumbnail?id=1ERFfzxYw4Gv38cGoNXDn4Kl-4hhQ8e7i&sz=w1000
5263339188.jpg,https://drive.google.com/thumbnail?id=1qK44dUYhW_cBH_C6CYFH1Li3YVbyw7bn&sz=w1000
530465741.jpg,https://drive.google.com/thumbnail?id=1gRjnWJ4fmG3Ek_D_QfN7F9-xDwmfsUcu&sz=w1000
5207964886.jpg,https://drive.google.com/thumbnail?id=14-_rsW05BclMlsE_NKNdEoBebxUjWbyq&sz=w1000
5220940345.jpg,https://drive.google.com/thumbnail?id=1aNWitDaeIeGc8wqM0KS0OVQLkdLdKiBn&sz=w1000
523991446.jpg,https://drive.google.com/thumbnail?id=1AcIb2i8nkw3LPynrSq28YPBFyAoKaJ76&sz=w1000
5249558588.jpg,https://drive.google.com/thumbnail?id=1yXaqFAX20hNyalWQmDuYtC5fwoCAkT8O&sz=w1000
5241628958.jpg,https://drive.google.com/thumbnail?id=1yGhn0KpBezltSfXk3599wjHlz3m0J5jm&sz=w1000
523327429.jpg,https://drive.google.com/thumbnail?id=1ihZcUWFnL_pUQJ6RgcGdHTWZGUVZX-Pl&sz=w1000
5231178541.jpg,https://drive.google.com/thumbnail?id=1PEI-8_QCZdDp2lEWdOaN8KT77AcR-Pfg&sz=w1000
5225747391.jpg,https://drive.google.com/thumbnail?id=1e-gxVd1ahPn4rSnXt9Tb6yOevjqE-QVY&sz=w1000
5220880759.jpg,https://drive.google.com/thumbnail?id=1Z0-jHIBG_kNyGI5PHsWoXM0QpvhMhpPt&sz=w1000
5196783191.jpg,https://drive.google.com/thumbnail?id=1cA7XMGiPqIWczkOPY0qCwcnkP3snfOIl&sz=w1000
5142873217.jpg,https://drive.google.com/thumbnail?id=1OtztJnUUwR3j8Nixbp8W0mTh6sCUfrUq&sz=w1000
5172704250.jpg,https://drive.google.com/thumbnail?id=1OfqvVHxrMtpGLTey297Ve8V6YRmTuqv0&sz=w1000
5131842202.jpg,https://drive.google.com/thumbnail?id=1cNQf06sSp3dntK0LwhlgJJ2myZop3Mhg&sz=w1000
5109882423.jpg,https://drive.google.com/thumbnail?id=15auvoo0lanZlXgKWPs4xc0vB0kPvfx7q&sz=w1000
512761651.jpg,https://drive.google.com/thumbnail?id=1rDHSgdf3cS4fE91rMUJBkwkHBBXCjjKL&sz=w1000
512101751.jpg,https://drive.google.com/thumbnail?id=1KHTsObCnlru6-GCHXA3IL-6hLEVAHw3J&sz=w1000
5123250615.jpg,https://drive.google.com/thumbnail?id=1NJx28eewqCzvV1pBhrED2d_GU9p70bjN&sz=w1000
51145694.jpg,https://drive.google.com/thumbnail?id=1Et3oOnRZocXZHIag19FEozlxNY9Gwbsb&sz=w1000
502171786.jpg,https://drive.google.com/thumbnail?id=1PyZ6F6Gdaioa6OcWXYnnYY9hskcEagCl&sz=w1000
5075833333.jpg,https://drive.google.com/thumbnail?id=1uLebaiVSSR4cjOU3Pd0cCzt0P9OYnbQm&sz=w1000
5024991277.jpg,https://drive.google.com/thumbnail?id=1-nnbIiFDI1QSvKFFf0kHUyYWXmYk8X8u&sz=w1000
5057079395.jpg,https://drive.google.com/thumbnail?id=1NjOF2pqLZLQQ_HgAsFoEM3LjLFp_5C0B&sz=w1000
5024189799.jpg,https://drive.google.com/thumbnail?id=12cYd08zNHlcMbUiye5319Kh6EbhsBHg_&sz=w1000
502783522.jpg,https://drive.google.com/thumbnail?id=1T9mFNtnpb-hN-zbN1ySlENqUnjvBTmmR&sz=w1000
4980845265.jpg,https://drive.google.com/thumbnail?id=1KoXYRQrDs1umttMJRl88NT_ktF1Z73rK&sz=w1000
50159774.jpg,https://drive.google.com/thumbnail?id=121KA3O_mCCmJxAXLNqXlmhXAKLN_DE1e&sz=w1000
498957941.jpg,https://drive.google.com/thumbnail?id=1E-z8UOVT0YmEB53JUdepsxi6W-Wolilu&sz=w1000
498951987.jpg,https://drive.google.com/thumbnail?id=1_UKyggP3kKx4bkJUNIL6yaNnd_klZKLq&sz=w1000
4983404972.jpg,https://drive.google.com/thumbnail?id=1-VmziHzOlmBoI0EWCkDJ4KcQhmfUL6gk&sz=w1000
4998936440.jpg,https://drive.google.com/thumbnail?id=13wzM9Q3Sc2dhH9ZDE-K0vCO_PDnWwYZH&sz=w1000
4977876870.jpg,https://drive.google.com/thumbnail?id=1RdLATp9anMZBo1VDOez5IXn2d4Qzl3S5&sz=w1000
4979134930.jpg,https://drive.google.com/thumbnail?id=1bQWifa1oKX2hwztQPGyGb1peoo6xc1Ci&sz=w1000
49695755.jpg,https://drive.google.com/thumbnail?id=17oo6BetJvCFsdwrLoibRSDaUctQeRrKp&sz=w1000
4975568426.jpg,https://drive.google.com/thumbnail?id=1bSau7oeXhw2sX6Yo7kzICpo_NYtKm9aJ&sz=w1000
4972937159.jpg,https://drive.google.com/thumbnail?id=1FOz_avvReqQp3DWbq5bQbM6OuEkHtG0K&sz=w1000
4970631613.jpg,https://drive.google.com/thumbnail?id=1evoIXUlj3uY09660G2neIugwXhPXnrHQ&sz=w1000
4980149155.jpg,https://drive.google.com/thumbnail?id=10mrxYoOMBn6DDweK2Ca_l3MdKvcThgSp&sz=w1000
4980323529.jpg,https://drive.google.com/thumbnail?id=1EiEMJfANllGY31P0pyxXFOqQlfLootNo&sz=w1000
4957461228.jpg,https://drive.google.com/thumbnail?id=1jhBLB44MePWf9dYkNzkHdIP1H011dHyh&sz=w1000
4965595911.jpg,https://drive.google.com/thumbnail?id=1Im0TotYnnULD_e7FElV6hbQkHJUV8WYu&sz=w1000
4965629392.jpg,https://drive.google.com/thumbnail?id=1sHTQZT6pRThOqbXW4R-AJghYVluhLbjL&sz=w1000
496437428.jpg,https://drive.google.com/thumbnail?id=1u7woM60wnomxlXKcPGSFPVTGKQBHkSZy&sz=w1000
4960364637.jpg,https://drive.google.com/thumbnail?id=1IH7vvldkLitbcGRFDDWna1M_30pBNxIs&sz=w1000
4963720718.jpg,https://drive.google.com/thumbnail?id=1aaoWn_NBPcfXMmiZqDE8wBsy28KtcRnW&sz=w1000
4962418713.jpg,https://drive.google.com/thumbnail?id=1mtCbmVOd761LHwHLbMP1uNlGi8GEpHL4&sz=w1000
4967237955.jpg,https://drive.google.com/thumbnail?id=11bNUUQhWxCO-XV7BROXJupseY6mpVm2X&sz=w1000
4963016379.jpg,https://drive.google.com/thumbnail?id=1uDpKXEZKW0V2LtqjUHC7BS0pMIc-jbuP&sz=w1000
4963461068.jpg,https://drive.google.com/thumbnail?id=1_-0NgtOzWhGa6y36gFmR3qOrGbBfI_QW&sz=w1000
4953536921.jpg,https://drive.google.com/thumbnail?id=1SCbe9g8APIH0apeaJvVz0TrkBb91h8wb&sz=w1000
4953761534.jpg,https://drive.google.com/thumbnail?id=1ZeYqqD_eMErW7Nv95PEOFrhY7tQgIRlv&sz=w1000
494792770.jpg,https://drive.google.com/thumbnail?id=1rL4jTdy1nh3oi1jb4gypLSXCaGb6zq8J&sz=w1000
4951884470.jpg,https://drive.google.com/thumbnail?id=1AspHdCH9zZNrJ5yeiuFTgT0lj-uq-9VY&sz=w1000
4939698838.jpg,https://drive.google.com/thumbnail?id=12tI-ctgGpwRLLnjBDbMbzpQ09YcAmzqs&sz=w1000
4938897545.jpg,https://drive.google.com/thumbnail?id=1gTUMxWS5D58oHZ7xv5691oRhcxW3sbpp&sz=w1000
4938224902.jpg,https://drive.google.com/thumbnail?id=1hcYBpluKPXzG701MOgLtmfvyN3RuVG5L&sz=w1000
4934873039.jpg,https://drive.google.com/thumbnail?id=1jTdwetLo_Y3kp6N8bIPq85u5ZAKNRfjt&sz=w1000
4937760215.jpg,https://drive.google.com/thumbnail?id=1Pnk1O6lBTcUvoZpfveWn0iQYumHMKzbk&sz=w1000
4930721605.jpg,https://drive.google.com/thumbnail?id=1KdlMlY8F5q1sdPQNO3hh4h-R6NSym7V8&sz=w1000
4934471616.jpg,https://drive.google.com/thumbnail?id=1fL0ShQ3HO8zwCR_C4pgW90vPFyOjJ4jx&sz=w1000
4931775347.jpg,https://drive.google.com/thumbnail?id=1Efi_2LrFGCg777Lq2bvMkL0E15RUFkoQ&sz=w1000
4926108699.jpg,https://drive.google.com/thumbnail?id=1jPH2I_N3vo61auNyVlaR_andOmGKcZpq&sz=w1000
4931443661.jpg,https://drive.google.com/thumbnail?id=1l9JizMZtHjs_fUOO8z5j2VWbN5TpwUUx&sz=w1000
4914906265.jpg,https://drive.google.com/thumbnail?id=1eTPyMdhgwGjE3oVQ5l3QhYggeC1y7Y9q&sz=w1000
491337432.jpg,https://drive.google.com/thumbnail?id=1TJSukq49_I_lKb_uCotk4tO1b8FINTeM&sz=w1000
4921567996.jpg,https://drive.google.com/thumbnail?id=11Nm4X8dWe8o5Sp91BFOMqa3-sE62LS8n&sz=w1000
4914567687.jpg,https://drive.google.com/thumbnail?id=1SR74_kDmGf7JqBJPJeX8KrdI-phkidQx&sz=w1000
4914416907.jpg,https://drive.google.com/thumbnail?id=1oARuh3woO_UG_XSrizyjbePQZfumur5J&sz=w1000
4901099086.jpg,https://drive.google.com/thumbnail?id=1ycmyDuHjY2FbZ6_d5r8Zm0kOctk0RvGA&sz=w1000
4888308769.jpg,https://drive.google.com/thumbnail?id=1U91N2z5cMTHGNWU3pkaeREfdbrKJ9ALx&sz=w1000
4893673956.jpg,https://drive.google.com/thumbnail?id=1WsZ36gRb1QC2DETh4LoAQHT2ArcclqzL&sz=w1000
4889242095.jpg,https://drive.google.com/thumbnail?id=1wVXEIrbw3zeMRtUk16dQSvMmpMt8uZgf&sz=w1000
4893751664.jpg,https://drive.google.com/thumbnail?id=135YlIh_HyYA6jDWjMCkJVyKMxu5bkHfj&sz=w1000
4893288272.jpg,https://drive.google.com/thumbnail?id=1PZQJF96gLGOVrhtXdOU4C13iNfF1t-3-&sz=w1000
4887472414.jpg,https://drive.google.com/thumbnail?id=1LFYRN4HA4gMlEfn7GIo-lHKM2uP7b0gT&sz=w1000
4879951396.jpg,https://drive.google.com/thumbnail?id=16n3d1NCjwa1p3BCD_g67lEvOfn0Wij6j&sz=w1000
4883883679.jpg,https://drive.google.com/thumbnail?id=1F6ugtos6wGoQfcsRqEM3FJbZycsalqaU&sz=w1000
4876356155.jpg,https://drive.google.com/thumbnail?id=1VbwzNyFa015W2HTalix31wTvAOQbzdsS&sz=w1000
48833369.jpg,https://drive.google.com/thumbnail?id=1eJ-7H1hpchiSjlvN8NC7_3Iy_Qztqr-Y&sz=w1000
4879566711.jpg,https://drive.google.com/thumbnail?id=1Cu0aJOW7ehnq13JBZONq3_cfNOuIktLu&sz=w1000
4885564387.jpg,https://drive.google.com/thumbnail?id=11ZccJ1IrVEu3WHd9uYRlz52w__3_Qixi&sz=w1000
4876859436.jpg,https://drive.google.com/thumbnail?id=14HuAFt8iG1ZIZhS11w_StnwpPH0IqFI2&sz=w1000
4863474202.jpg,https://drive.google.com/thumbnail?id=1uGGoliNWQRfPOrZtCTWpnB5cSy32yBz3&sz=w1000
4863999220.jpg,https://drive.google.com/thumbnail?id=1klVxK1Kt4p3AuiDk5dmUS_gr6LmsHJfW&sz=w1000
4867579379.jpg,https://drive.google.com/thumbnail?id=1LWPezfL4AI8zdv48JE0rXfhdSTqAuzdC&sz=w1000
4868529902.jpg,https://drive.google.com/thumbnail?id=1ofuTWzGl4NG-AZFWcJLlMS8613hkQW8R&sz=w1000
4866176322.jpg,https://drive.google.com/thumbnail?id=1FCmtHF3vg6qFVwH5S0HSaO0W7jU6ffmh&sz=w1000
4869891236.jpg,https://drive.google.com/thumbnail?id=1Y0WXDz-11stzmEjLQbjeeuRoshBAatFZ&sz=w1000
4867540330.jpg,https://drive.google.com/thumbnail?id=1HYhf51i4jyLVFYNMARLDz02DVxQ1fuR6&sz=w1000
4858070078.jpg,https://drive.google.com/thumbnail?id=1mZKHez7Upe-WQHOGg42fktVnLkMVlL0M&sz=w1000
4859170265.jpg,https://drive.google.com/thumbnail?id=1H-rBGxba3Eyo4gZ3AERn0YheGDGuFFWu&sz=w1000
4861232893.jpg,https://drive.google.com/thumbnail?id=1H9qP9kp4NSTPvjTmk3kDrZhQckjZPoDh&sz=w1000
4850614476.jpg,https://drive.google.com/thumbnail?id=1j6obJ1rbksFYoH7_FLxi6iHQy84-ge1P&sz=w1000
4851502092.jpg,https://drive.google.com/thumbnail?id=1gvNumKP7_bR6rCj-AavTTLQK3-7xo8B2&sz=w1000
485357535.jpg,https://drive.google.com/thumbnail?id=1w9-9LOvtSdjk2MjSs4ssxgv4mu7QuY_s&sz=w1000
4846496504.jpg,https://drive.google.com/thumbnail?id=1xrKQmSClshthJp0qXd5LnKC6mPyesxWJ&sz=w1000
4830524551.jpg,https://drive.google.com/thumbnail?id=1yijMu00jPGH4dvzKCQ54HNVkGJ1kyqwm&sz=w1000
4839197349.jpg,https://drive.google.com/thumbnail?id=1EbGWdsTd3sk9LYQSwcFMUafiusSxFKzT&sz=w1000
483041457.jpg,https://drive.google.com/thumbnail?id=1FAq6VA31mx_fHJf7yPiq1Q5Q6R2I9QQU&sz=w1000
4841630077.jpg,https://drive.google.com/thumbnail?id=1jcxmNa1-QuR1qaA2YAMp18ZHAIutf66w&sz=w1000
4834128818.jpg,https://drive.google.com/thumbnail?id=1cXwvk0XOTelGEfclKv_70zs0iRFNSo6M&sz=w1000
4831642430.jpg,https://drive.google.com/thumbnail?id=1-Yw0t7fIW5Qx_JrL_gC-Ik7cpjfwvku6&sz=w1000
4826864287.jpg,https://drive.google.com/thumbnail?id=1_4r6766GQCzVn7o6QCx3PEiaP1L-_Mrz&sz=w1000
482296873.jpg,https://drive.google.com/thumbnail?id=1iGJJMg8OSiahSAsA-Eg4pk5xVvZDn6wz&sz=w1000
4824819367.jpg,https://drive.google.com/thumbnail?id=1fRkc0w57B3i2CyrQ0G77ray5vn5cYDnk&sz=w1000
4823178827.jpg,https://drive.google.com/thumbnail?id=1y5CyLlNqUdvCMZsUlvJeTVtYyCS7TTQ_&sz=w1000
4814444205.jpg,https://drive.google.com/thumbnail?id=1Is1wAONbAmScKDcZaLOnThgpHzB5Vath&sz=w1000
4820525092.jpg,https://drive.google.com/thumbnail?id=1TArQZKM-Cxx6fNPjDQL-F_CWwAo9VRL3&sz=w1000
4817954318.jpg,https://drive.google.com/thumbnail?id=19k2TsBN7EFzZuzRlBEhpPT9W2bMNmedw&sz=w1000
4817644923.jpg,https://drive.google.com/thumbnail?id=12Wo0FGk0FCozkm8FsfqZzxhGBIKXnZoD&sz=w1000
482098572.jpg,https://drive.google.com/thumbnail?id=1dn_Z0mO_-r0HoJ0YJnrpnd3bke3RbKcc&sz=w1000
4818672276.jpg,https://drive.google.com/thumbnail?id=16O8sPLlEDiF_y4brQqApEQF6t59iFKo-&sz=w1000
4812138503.jpg,https://drive.google.com/thumbnail?id=1d_0b4XN-FZqD1G3XF2TZjJ_jq_vhJg84&sz=w1000
481216325.jpg,https://drive.google.com/thumbnail?id=14MLbdvJ9-H7bNJoImp8kh3WBXcYiAJPJ&sz=w1000
4808709546.jpg,https://drive.google.com/thumbnail?id=1HtVsbf2mJaI9plNBHm2kb_nvV_UajZwc&sz=w1000
4805896271.jpg,https://drive.google.com/thumbnail?id=1OXUULfgLJ33kJF25Z5KDhxw1pgYrwOwV&sz=w1000
4807594255.jpg,https://drive.google.com/thumbnail?id=1Lb07WRYWM8x1YA8SonPVRDlM8SXMcB0S&sz=w1000
4801647530.jpg,https://drive.google.com/thumbnail?id=1HaxRl_P_qGxgQ4JzWRBlGoWGAt9P9osq&sz=w1000
4796658218.jpg,https://drive.google.com/thumbnail?id=1xjmGpUiHxjnWDWV_N3uCvsWt14PjWHG9&sz=w1000
4803311880.jpg,https://drive.google.com/thumbnail?id=1RCpG0pCLC3240uIlgYAoBOZ5EvbaWfgh&sz=w1000
4789503952.jpg,https://drive.google.com/thumbnail?id=1QdLV4L4zxkI_rW4XEOAKVEFSM7UFl6p9&sz=w1000
4782649533.jpg,https://drive.google.com/thumbnail?id=1KhVKTUfB0iq-mKdtbCMTXybyLp6_lkMh&sz=w1000
4784638712.jpg,https://drive.google.com/thumbnail?id=1Dzf4rnMdt1_k8NUfBT9n-T2s2yOFx59f&sz=w1000
4780479274.jpg,https://drive.google.com/thumbnail?id=1iI4e0HaOtHOQjmlFuQWppMfbU-oQmG5l&sz=w1000
4784479869.jpg,https://drive.google.com/thumbnail?id=1f0T1wWbLbzIILYtRpjtuBd3IHurN2szX&sz=w1000
4786071158.jpg,https://drive.google.com/thumbnail?id=1Z31RHSx7Wz_Ts6sxE0yekkP6J6srXbhC&sz=w1000
478415357.jpg,https://drive.google.com/thumbnail?id=174eNQNMFfqhhQwCHlilqOj0s0p5yPk5K&sz=w1000
4771908421.jpg,https://drive.google.com/thumbnail?id=1diQnzWszDyixSjUjlVIbMvELvniiDmg4&sz=w1000
4765305793.jpg,https://drive.google.com/thumbnail?id=17ZYxRXpSj8_G0L8diSwTPYuBI9W6C2Ai&sz=w1000
4773100636.jpg,https://drive.google.com/thumbnail?id=1seErvFXtUu1FFBmriSBm_StXzzcRIOw9&sz=w1000
4774482282.jpg,https://drive.google.com/thumbnail?id=1q0ZF7qdrQmJ18L1QdVQwkUnApU9MouLm&sz=w1000
4768834139.jpg,https://drive.google.com/thumbnail?id=1N0xjO4uP1Zhq0idJe0I4gXJuimjhoOer&sz=w1000
4756096563.jpg,https://drive.google.com/thumbnail?id=1iqV41Kwu-l1_vHJJcrOkCLHHTtT79bri&sz=w1000
4756483990.jpg,https://drive.google.com/thumbnail?id=11tjFK0iV4oSGimqeqMyIHAQdfC-qkYpE&sz=w1000
4762794778.jpg,https://drive.google.com/thumbnail?id=1oDHiWfom2AoLAwqPesiHnxm3hSsyievM&sz=w1000
47576066.jpg,https://drive.google.com/thumbnail?id=1TRYjTJnTqhhD8LdI8A-EPePuoJo_5T2z&sz=w1000
4759107886.jpg,https://drive.google.com/thumbnail?id=1E7a8rqFJfLiwFJbvwZ6CrWPIaW6rKNj6&sz=w1000
4751764329.jpg,https://drive.google.com/thumbnail?id=1WT53LWfLhdxhx1ttuCUGl04mU9jVUPzn&sz=w1000
4749087824.jpg,https://drive.google.com/thumbnail?id=1zzs96klQGAQSdUsDYn3BAYdrIjSzMrRl&sz=w1000
4750121594.jpg,https://drive.google.com/thumbnail?id=111YMuChaBzhAI-GvqD3Es3IPr8P6M8ed&sz=w1000
474226991.jpg,https://drive.google.com/thumbnail?id=1BRvpfvKiyzHXOjMyGF41Z64jypBlGlIj&sz=w1000
4736841029.jpg,https://drive.google.com/thumbnail?id=1rgyNro8NR7VboOMWJfHgda-t3pYt-uy5&sz=w1000
4744046556.jpg,https://drive.google.com/thumbnail?id=1OT_Z61JuOIBv81FE8qvZl_4bifyPsIMV&sz=w1000
4745661523.jpg,https://drive.google.com/thumbnail?id=13Yufn9n3_h1c2oybA6K_VzSsZ7Jk3f4I&sz=w1000
4737602081.jpg,https://drive.google.com/thumbnail?id=1MQm4l8FzCyAkFw8MTeweWg-FY0ICcUJI&sz=w1000
4729243462.jpg,https://drive.google.com/thumbnail?id=1AkjHqy4TxNF8yq2G0SBqt976TKFLiiqG&sz=w1000
4733026482.jpg,https://drive.google.com/thumbnail?id=10Wx2a82rixyvBM3XD3fxVJD0RyWzfcqh&sz=w1000
4716816896.jpg,https://drive.google.com/thumbnail?id=1ijC-GZGrdsIVl0-IkaEhB650Zj-u23gS&sz=w1000
4718997478.jpg,https://drive.google.com/thumbnail?id=1PZsGzXdb91_Ym1jyvBOqFLH0IGY_AHFk&sz=w1000
4721533619.jpg,https://drive.google.com/thumbnail?id=1YHtRBuZWwAna9OyliTv_l9xSlhLR3fpY&sz=w1000
4717627685.jpg,https://drive.google.com/thumbnail?id=1In9iHcry28dwOaJso4gMnsXGELdt2qab&sz=w1000
4714935635.jpg,https://drive.google.com/thumbnail?id=10ls8QB2XI5PQoL79mWmvYVG0W1Au8Pd0&sz=w1000
4718128553.jpg,https://drive.google.com/thumbnail?id=107XYDwFbIWxZbgfqk95i-SsPElpoD564&sz=w1000
4717487605.jpg,https://drive.google.com/thumbnail?id=16aVk0xOg4zOaCpqHb8zi7Vl5Wd92cbXd&sz=w1000
4715586059.jpg,https://drive.google.com/thumbnail?id=1dg-k6xmaao-CVJOP9DKO__YXMbOd4lyc&sz=w1000
4717521897.jpg,https://drive.google.com/thumbnail?id=1ibMNhz-2tuSxYhpIu5DuJtDY_0q5Ny58&sz=w1000
4714879695.jpg,https://drive.google.com/thumbnail?id=1ngwdtfnsAZN8HKlFgsii0p_IMMo9uqHq&sz=w1000
4712431269.jpg,https://drive.google.com/thumbnail?id=1p7e8czUFixRsG5CeJw3swyXPveu0_khP&sz=w1000
470272588.jpg,https://drive.google.com/thumbnail?id=1FTNJ1iK-a-dD-8IkFvkn-FsgeiL983H1&sz=w1000
4690435409.jpg,https://drive.google.com/thumbnail?id=1UPzB7QKchNxubpyL7ZahxwDgdstMhStQ&sz=w1000
469617651.jpg,https://drive.google.com/thumbnail?id=1n5pwl3S7mEpWhu1xNMKPVcjmL3MIGHkr&sz=w1000
4694259841.jpg,https://drive.google.com/thumbnail?id=1ZlV75vLWUE4GRXJPTLPLqDwXovjnsdUd&sz=w1000
4689976046.jpg,https://drive.google.com/thumbnail?id=1qG2_zOPvEg2k3n6fGXuZMASma1jvwXed&sz=w1000
4690670113.jpg,https://drive.google.com/thumbnail?id=19E8AI9NEfO6AxH3O80KId8q7W_zsBcd0&sz=w1000
4694259841.jpg,https://drive.google.com/thumbnail?id=14M-iFXvwqT2Nbw2NBqt6E0v11ZFERyaw&sz=w1000
4696106624.jpg,https://drive.google.com/thumbnail?id=1miRBgm0IBZMHiH-VVkPrsph6aqbZupHB&sz=w1000
469259974.jpg,https://drive.google.com/thumbnail?id=1JSFemZG1tPM3DKi4QEU5t9O5FtpoyZjC&sz=w1000
4685031064.jpg,https://drive.google.com/thumbnail?id=1cfCOd6s4psQOY9VtZsaL1x_9qDdUVHhh&sz=w1000
468629805.jpg,https://drive.google.com/thumbnail?id=1X2ivCbWQVvVs-SzbSSPZMEKQCDkqCxZc&sz=w1000
4684579817.jpg,https://drive.google.com/thumbnail?id=1G1D4enLRhNjobjZSn3RFjpbN1e-9h2BK&sz=w1000
4671099307.jpg,https://drive.google.com/thumbnail?id=1yDopfVGKyTZCB_KRCEDZ2aV8Vbo2Tr5P&sz=w1000
4672474238.jpg,https://drive.google.com/thumbnail?id=1Obc4y5qwktOLAd5Ktg-rBi6WcP_msZt8&sz=w1000
4670360600.jpg,https://drive.google.com/thumbnail?id=1HcxkjGg8m6jKE80JQKdNygK3ApQk1a-L&sz=w1000
4674228685.jpg,https://drive.google.com/thumbnail?id=16CtK5NxRIG5y7-A_Lhq7XHrSb7tFV5oV&sz=w1000
4671818924.jpg,https://drive.google.com/thumbnail?id=1-cuS7XTP1KxL-5OgBblTx2sVYrB7Zd7c&sz=w1000
4655586456.jpg,https://drive.google.com/thumbnail?id=1pito2KCT8DzmlMK8RiEV352KHRY1pdE8&sz=w1000
4663401740.jpg,https://drive.google.com/thumbnail?id=1p9-tauJ9-FCOrbEkzKWg9wv28wdaNire&sz=w1000
4654498293.jpg,https://drive.google.com/thumbnail?id=1Te08ct_gz4RxDBT6uxWNiSHpX5IY3m6-&sz=w1000
4653571813.jpg,https://drive.google.com/thumbnail?id=1S12IcdCHQgnDM1OrO9ulzLhIhjyZ_ElO&sz=w1000
4642208620.jpg,https://drive.google.com/thumbnail?id=1CbCaDkrm8jPNYIl5wiiUKVTusNNbKH2G&sz=w1000
4633771017.jpg,https://drive.google.com/thumbnail?id=1NAk6mWjz1qtkvK38y0i8sDCygs53pwng&sz=w1000
4633772793.jpg,https://drive.google.com/thumbnail?id=1WBmuS5TEtCOgCHoEzgb8EA0q88XjnwsI&sz=w1000
463554115.jpg,https://drive.google.com/thumbnail?id=1Ou1A4n_F80kHf7lQWAvaLZJr6QhI9aSF&sz=w1000
461019788.jpg,https://drive.google.com/thumbnail?id=1UruW0MaxwDK4C4NOPLdVI_NHM4AW021Y&sz=w1000
4609020271.jpg,https://drive.google.com/thumbnail?id=1HYUJr0IleSZWD5cqZ4NljEt26C5kWRF7&sz=w1000
4616529073.jpg,https://drive.google.com/thumbnail?id=1kMLscnqt3T4jSlVZgtvLfXK1_-1PwnlD&sz=w1000
4611354093.jpg,https://drive.google.com/thumbnail?id=1zZHbk729ZIv61viZW-GBeJ5h6H_ctp3Q&sz=w1000
4603097016.jpg,https://drive.google.com/thumbnail?id=13ouD4OlA0AL1xQd7SOkuOZcHY6c82Pju&sz=w1000
4605314351.jpg,https://drive.google.com/thumbnail?id=1B0o_L1Pt_ixfEzcGxzVCvaKTIUMd11d9&sz=w1000
4591294546.jpg,https://drive.google.com/thumbnail?id=1vMXoF_eC78hOrQ5UkdXui77eacWsW71z&sz=w1000
4590678523.jpg,https://drive.google.com/thumbnail?id=1vOk7OVb-gi6AYCxAcdfpmKdJKTr02xBz&sz=w1000
4593093015.jpg,https://drive.google.com/thumbnail?id=1p1luGnDE3ZoAKaoLRjP062wNId1YjCUh&sz=w1000
459560684.jpg,https://drive.google.com/thumbnail?id=1z33uc7z9mDgPKsyI3zqq-w3uBpy1MEDo&sz=w1000
4604977910.jpg,https://drive.google.com/thumbnail?id=1Ld5Vm51TEelNBYTIaYKmg3Zz5vL1k_X1&sz=w1000
4594171071.jpg,https://drive.google.com/thumbnail?id=1WOKAtqochPCerw4KNTIxByWe7_hB-as8&sz=w1000
4603247500.jpg,https://drive.google.com/thumbnail?id=1xtTWrpn_5Az6csUsFhIUXYkB2QOLi2Cu&sz=w1000
459579945.jpg,https://drive.google.com/thumbnail?id=1EqkoJFyNMYvwZl52CT0uLZCCW2rT5dmt&sz=w1000
4583731865.jpg,https://drive.google.com/thumbnail?id=142j2koD6WUgm28rB3TDAV8szFflyJCJR&sz=w1000
4572363355.jpg,https://drive.google.com/thumbnail?id=1aIqhQ96Gj_OyYxdsGBUCeifaUvYO19e-&sz=w1000
4588353079.jpg,https://drive.google.com/thumbnail?id=1K5-j_vqVvvQPZy-Ekn1X3oE4kvo60StJ&sz=w1000
4574082050.jpg,https://drive.google.com/thumbnail?id=1WpNtGqxna9ToUIqofQFhOIt2ujkXpgns&sz=w1000
4574082050.jpg,https://drive.google.com/thumbnail?id=1NqmdT4x4VPODNEf-LpXlbfWogYDyZlfz&sz=w1000
4573391235.jpg,https://drive.google.com/thumbnail?id=1_0dtOJ56jr3UTxodxncWS5gZOqD7QzJA&sz=w1000
4572363355.jpg,https://drive.google.com/thumbnail?id=1sJh7WHnRRonhM0TYYmDsacoYAGtnJfuQ&sz=w1000
4572363355.jpg,https://drive.google.com/thumbnail?id=1X7NxDWUIa-Nt_3pRiyN8nOlZHffylADU&sz=w1000
4578856261.jpg,https://drive.google.com/thumbnail?id=1ncGGuPzP94HsZmecStVXf4dqQuW9y_qD&sz=w1000
4581054154.jpg,https://drive.google.com/thumbnail?id=1iLcqQcYKqNgpNgnX4hKVkRjxytylozUH&sz=w1000
4571889191.jpg,https://drive.google.com/thumbnail?id=1W3aXQ8oCD70XxxPi3smaz23yGDvPDgCS&sz=w1000
4571036364.jpg,https://drive.google.com/thumbnail?id=1K0zG9vpj5WdajGvtOCrct8rIEVS0RFvy&sz=w1000
4566562284.jpg,https://drive.google.com/thumbnail?id=1a4epXkQu5FvqSoB--KDOEHM4nfzLlffS&sz=w1000
455994083.jpg,https://drive.google.com/thumbnail?id=1OUXaoEbg1cajxexAtjvZcIN2pV46U72u&sz=w1000
4555514125.jpg,https://drive.google.com/thumbnail?id=1UMz2N9ZEptXW6dZ0nzYeSiacOa1EXMAA&sz=w1000
4559400587.jpg,https://drive.google.com/thumbnail?id=1HEX0AiQnw-ViuM1ZNwboe7GcJz8GPhlP&sz=w1000
4552871630.jpg,https://drive.google.com/thumbnail?id=1oAQK9iXQLOOgDCNja0SnXmY9LlS96WOZ&sz=w1000
4554539616.jpg,https://drive.google.com/thumbnail?id=1YXN05LpB8K8s1Y8TUT3xyuyYywHZGqgd&sz=w1000
4560565668.jpg,https://drive.google.com/thumbnail?id=1LHsCpuVr3C2PyRZTN70rprolBaZDM4Uj&sz=w1000
4554279898.jpg,https://drive.google.com/thumbnail?id=1Y7vjZMHpwFypPCp90w1X_LtS1PTPnbXr&sz=w1000
4548726706.jpg,https://drive.google.com/thumbnail?id=1MJadxSa7NYsP3cqlOY0hwDejMLXEYvLV&sz=w1000
4545817922.jpg,https://drive.google.com/thumbnail?id=16Yev7dgnkSUV3no-9fneEjZyvJ-ZDaCX&sz=w1000
4550534813.jpg,https://drive.google.com/thumbnail?id=1xPQLLaV_0wl0y9SUely-nZrjWF32B5zY&sz=w1000
4545323253.jpg,https://drive.google.com/thumbnail?id=1fjAwiKbmeMMRvVsx72XoXa4pPn2geuN6&sz=w1000
4547258202.jpg,https://drive.google.com/thumbnail?id=1pPNwCIAALeA6ld9RXvY1tqN2pHOv30_f&sz=w1000
4544052868.jpg,https://drive.google.com/thumbnail?id=1IQ7KekX34kePwV4fN64PQzOLO5REJvAS&sz=w1000
4535433884.jpg,https://drive.google.com/thumbnail?id=1sw1lUjxJDV7_zOqHs_S3GQ9gRVFqizq7&sz=w1000
452962852.jpg,https://drive.google.com/thumbnail?id=1qZofujIClfLW9OoEk14ARcq2RO_1HkD5&sz=w1000
4515995064.jpg,https://drive.google.com/thumbnail?id=1XMtA8DEB8bzal_TzlovyLidiWslKg0ud&sz=w1000
4510049538.jpg,https://drive.google.com/thumbnail?id=17EVzpMRKXjU7QWXgWuXAGJCCxKzdaC-I&sz=w1000
4512406110.jpg,https://drive.google.com/thumbnail?id=1ruz6y9Voubed8tEvw-jOrXCOZmDbOCz3&sz=w1000
4508972634.jpg,https://drive.google.com/thumbnail?id=10KFYwjxywyUgdoEzMWZ8PALuyIDEk-0k&sz=w1000
45110113.jpg,https://drive.google.com/thumbnail?id=1Pe_htoJ6HT7lmUUz7Oi4FOepqjzMhTWr&sz=w1000
4499296995.jpg,https://drive.google.com/thumbnail?id=1YRFi_QXVP2EAXD38eP_ueBGHeSkMna_W&sz=w1000
4485658806.jpg,https://drive.google.com/thumbnail?id=1oKSrNGL1iuWWfHKlgIHKGlzEI57b6Bcu&sz=w1000
4495716228.jpg,https://drive.google.com/thumbnail?id=1kYYY5Bw7ECjef9ceN-afRVELLl0jcq5j&sz=w1000
4487337334.jpg,https://drive.google.com/thumbnail?id=1WIxZaeNwVNUONjpXC3IW3Zcxr-5DOthb&sz=w1000
4489804619.jpg,https://drive.google.com/thumbnail?id=19QUGRIhMFXGhILFaAfZ9HD9nSXYlZhT-&sz=w1000
4478570809.jpg,https://drive.google.com/thumbnail?id=1Nz4RP146wyFt_rcfBMig0Ysm6t0N2rPs&sz=w1000
4474749623.jpg,https://drive.google.com/thumbnail?id=1aLtoKJ2DlBU8LwdJVw76TgqXvh_K_bU9&sz=w1000
4481066026.jpg,https://drive.google.com/thumbnail?id=1UFEOw2g8gV-TH8iboP_SEuPL_EHibRLa&sz=w1000
4467161305.jpg,https://drive.google.com/thumbnail?id=1M_bv5vTVnNPtOTTw8vt_MlXEhZmjNByI&sz=w1000
447691737.jpg,https://drive.google.com/thumbnail?id=1BZOfuEghSOfD9QIt1lMVy826A1EqoeaO&sz=w1000
4454735404.jpg,https://drive.google.com/thumbnail?id=148BARwqriupq7wur8wgURIxFlKwZcBDz&sz=w1000
4458823896.jpg,https://drive.google.com/thumbnail?id=1g5Fsae8v6F7YDVX3g9h0JZisBZs_8UAU&sz=w1000
4465093007.jpg,https://drive.google.com/thumbnail?id=1UDrdRdVpAl26DfiZYyo68jh_oXtOMBkc&sz=w1000
4450338499.jpg,https://drive.google.com/thumbnail?id=10DzeJkU6l8mq1wfu2QiFoj95YLCvbQ-H&sz=w1000
4431086360.jpg,https://drive.google.com/thumbnail?id=1zcjFZkLmafv8tweVK2LcgEmV65i_Y9Ez&sz=w1000
4426158851.jpg,https://drive.google.com/thumbnail?id=1YUsodQaVqeOqil9e1ZlGNnGSbeA7g8an&sz=w1000
4419487690.jpg,https://drive.google.com/thumbnail?id=1_cQb77LLYc3F2egjT2tV3RKmL07fUJNP&sz=w1000
439049388.jpg,https://drive.google.com/thumbnail?id=1m4U02xNvQ_2xBk58a9DJgaFe4COyX3a2&sz=w1000
4393321765.jpg,https://drive.google.com/thumbnail?id=1hjGlHfnPO3S9VviX0pcgDTEcvlKy1x3I&sz=w1000
4414596147.jpg,https://drive.google.com/thumbnail?id=1mDiKSFkRZF2vcQR9c75UqS5HNuZMu5wf&sz=w1000
4403572803.jpg,https://drive.google.com/thumbnail?id=1OXY3Trg5wU28bJ-MpNP2zRZCJ9nBAE0A&sz=w1000
4398362068.jpg,https://drive.google.com/thumbnail?id=1kl8ZgXpBLEU6oaOxdXuVOdbTRxxZoZLM&sz=w1000
4358650450.jpg,https://drive.google.com/thumbnail?id=11jtC31aq-H0hCuh2lmOpq-caiegzaOpc&sz=w1000
4357228527.jpg,https://drive.google.com/thumbnail?id=1kh-YG_fEtZrUK2SdiKzCGuxDTAiXEjva&sz=w1000
4375016451.jpg,https://drive.google.com/thumbnail?id=1PqaJM5Bp_Uc320_Cw7-BBtHaudsj2tMi&sz=w1000
434792818.jpg,https://drive.google.com/thumbnail?id=1PNh5mkeX4zPKOOQjZf630Dl_aKtHiaQs&sz=w1000
4368364278.jpg,https://drive.google.com/thumbnail?id=1Im6GApoOsUqaP7J_3j8pN6cxfUSD07QN&sz=w1000
4331413547.jpg,https://drive.google.com/thumbnail?id=1M9-2Ym_y7Z35ciNnlFKE1QCfgh0I8qV6&sz=w1000
434171515.jpg,https://drive.google.com/thumbnail?id=19NkMb6rZEci9NJyI-z10pRIE4d60uR-L&sz=w1000
4329159444.jpg,https://drive.google.com/thumbnail?id=1SIM0n_zbZ4XdRyxaQ9lut-SfXaQ8t44f&sz=w1000
4294610133.jpg,https://drive.google.com/thumbnail?id=1N4_-e4aTcernaktnY9vhINoog9zcmyco&sz=w1000
429270993.jpg,https://drive.google.com/thumbnail?id=1QGxES4-jVAl2EETjP0D-JhxkRl--_2v2&sz=w1000
4278658978.jpg,https://drive.google.com/thumbnail?id=1rvoPuoa0zg4hWlco0uiUgmFj9zHg2X3k&sz=w1000
4291500527.jpg,https://drive.google.com/thumbnail?id=1xa6PlUQpdaBP8TOhPuTE8-zDVESVZXqw&sz=w1000
4303898422.jpg,https://drive.google.com/thumbnail?id=1GoGjx8CtH5t_xwjbto13H8MXVjXibud-&sz=w1000
4253367177.jpg,https://drive.google.com/thumbnail?id=14zgio1nD514S_sG01y3tnRKqFNgylkxb&sz=w1000
4260947199.jpg,https://drive.google.com/thumbnail?id=1I-MqwxGFpY6uxeNbhMoD5lc0hetgT-XY&sz=w1000
4271288402.jpg,https://drive.google.com/thumbnail?id=1_5UHCN4X-4VQg7-JhJ44o1cYyIKTNGtn&sz=w1000
4238762387.jpg,https://drive.google.com/thumbnail?id=1dtKsy9V-1bGcL4blxEZNtthj2tIcTwlq&sz=w1000
4230687841.jpg,https://drive.google.com/thumbnail?id=1DVBz1tv_6mp9ORC8_yXCA_d9uJDBVI13&sz=w1000
4205752656.jpg,https://drive.google.com/thumbnail?id=1ciM42AyLTinycOR2Gmh3LGh9FXI6pRx-&sz=w1000
418619800.jpg,https://drive.google.com/thumbnail?id=1ZI62UlYoOnU5AvdskSJksl6rmmwE4oOj&sz=w1000
418396886.jpg,https://drive.google.com/thumbnail?id=10NCDPV8mdZiHgCW9xp8PBQR3S0GAXL2r&sz=w1000
4200930361.jpg,https://drive.google.com/thumbnail?id=1eaOc0QCoHA0cj_xYHN-4omNPnW9W9aBX&sz=w1000
423167388.jpg,https://drive.google.com/thumbnail?id=1CpGsQIoxlhssYfQDhI9DUSvY3GDgVwfz&sz=w1000
4152320485.jpg,https://drive.google.com/thumbnail?id=1O_1A7cIg0vgo7upl2apmGSrnf1svuKYr&sz=w1000
4170813283.jpg,https://drive.google.com/thumbnail?id=143GHyFRB3rvFL-Nm2R0v62_5NWFMvFk-&sz=w1000
417951306.jpg,https://drive.google.com/thumbnail?id=1pegmmOcqwdhyFxPd1-fp5nMEoBSUlj3J&sz=w1000
4174532000.jpg,https://drive.google.com/thumbnail?id=1l9luxJJbgXy_xfVtRb82BKAw2MZnOk5v&sz=w1000
4156102515.jpg,https://drive.google.com/thumbnail?id=1f0cKCxhirRiPREhynl5npeWdKv9H78w5&sz=w1000
4179982279.jpg,https://drive.google.com/thumbnail?id=1_h4ihSOoCIL-CZJl3a131x86y5yPscBp&sz=w1000
4174409888.jpg,https://drive.google.com/thumbnail?id=1cwVumA2DbLs-U16X71wfzXI_HoVCUJwG&sz=w1000
4151679198.jpg,https://drive.google.com/thumbnail?id=1f4ehtnTBawC7sIl8gATQ5FI6VjVPgGg5&sz=w1000
4108989020.jpg,https://drive.google.com/thumbnail?id=1mChyAS5_JvzJeOEeP3o_s--Q6X98RbEv&sz=w1000
4146587257.jpg,https://drive.google.com/thumbnail?id=1sEN2IWpm1ZRC4TXzpb5KdhCMeSsfDJLw&sz=w1000
4105382797.jpg,https://drive.google.com/thumbnail?id=1x0Yl0UajGvBQycsMRCeyhEPXKXfD-FDD&sz=w1000
4145970273.jpg,https://drive.google.com/thumbnail?id=1I0cPY2QLOSVS8mycStGj9vR6Fjl_B2SZ&sz=w1000
4130537606.jpg,https://drive.google.com/thumbnail?id=1GYg0QkAwMNyu-hRqqjqgB22wtivRMA9F&sz=w1000
4145725151.jpg,https://drive.google.com/thumbnail?id=1msRWsrUj5drKPuEntYcTJS4YvhA3qi0X&sz=w1000
413588617.jpg,https://drive.google.com/thumbnail?id=1bsIc8hSoNkVQ3Lzck9_4TczFySg4Gp_B&sz=w1000
414773731.jpg,https://drive.google.com/thumbnail?id=140PPhV8SqETu9IXvsqsCAFiA6k0VAQjP&sz=w1000
4099278366.jpg,https://drive.google.com/thumbnail?id=1cHJAezUHj8HQpVgcu4QLhWd5ymbkw-9P&sz=w1000
4090827772.jpg,https://drive.google.com/thumbnail?id=10kVKzgl5AyGlwDNsnoCRi7ibmT-_ax4C&sz=w1000
408904281.jpg,https://drive.google.com/thumbnail?id=17yzDEXVSpsznrsdbPyxamTARjV1lV63f&sz=w1000
4071416825.jpg,https://drive.google.com/thumbnail?id=1OlcZj4ShKQZ1WcL7KJ3f6fw5ncuFMPLL&sz=w1000
4103240621.jpg,https://drive.google.com/thumbnail?id=1CM1XI-DOVqhCJ-S8Il1ADr1OO-qj8Cdc&sz=w1000
4063381040.jpg,https://drive.google.com/thumbnail?id=1Ns64bZjL3vX0YLb2z-PfyfW-SYQzMC_o&sz=w1000
4031539901.jpg,https://drive.google.com/thumbnail?id=1sFMLUx0rg8gv94px-PYuae6AuYxTzJsz&sz=w1000
4048837850.jpg,https://drive.google.com/thumbnail?id=1UbR-b9WzFALEJ9bVnAXY9JwZxHWKFihm&sz=w1000
403678611.jpg,https://drive.google.com/thumbnail?id=1QpsZh0-SME3Ij19qUvfyi_vCm8KZaPmq&sz=w1000
406308903.jpg,https://drive.google.com/thumbnail?id=1fhKcz7ACR6213Mk8tuYZyJLIab56fyBJ&sz=w1000
4011411161.jpg,https://drive.google.com/thumbnail?id=1s_jTbs8KUjvICIP6Unviapp31HyniSx7&sz=w1000
4013421575.jpg,https://drive.google.com/thumbnail?id=1YhLImZXKZkf37fd5UKT9jB6ixpZwsby2&sz=w1000
4017747090.jpg,https://drive.google.com/thumbnail?id=1YbCx54nU_CpjzubG-e5Z8MXbDVgYWSSH&sz=w1000
40261771.jpg,https://drive.google.com/thumbnail?id=1_pSg0aNEIBuyKjcK-CCHoR_OJ1M_rvnN&sz=w1000
4013752334.jpg,https://drive.google.com/thumbnail?id=1ZxoskEHvJBVsoaEZPgrNGufKGBWDhuqW&sz=w1000
402978771.jpg,https://drive.google.com/thumbnail?id=11mOsOq6BOCBzBdTCgfnXN2sL-GilOonv&sz=w1000
4013937506.jpg,https://drive.google.com/thumbnail?id=1NgCxmWswD_6FKlwG94ev_iT-RgLuUXQE&sz=w1000
4025432630.jpg,https://drive.google.com/thumbnail?id=1gQdMJuTCn8Vty7WbjnRnEpPbax0dxtEV&sz=w1000
3965588075.jpg,https://drive.google.com/thumbnail?id=1inSODaxCTKXCcg1hIh0MmkTFv7LQk0-F&sz=w1000
3974197857.jpg,https://drive.google.com/thumbnail?id=1ZX9pEL0AJFFA2KZq9jkh9Ve4lyUaLqWU&sz=w1000
3926139835.jpg,https://drive.google.com/thumbnail?id=1Xj7M3POvpmVAHEltG4TS3jozlLdqrvS3&sz=w1000
3927612999.jpg,https://drive.google.com/thumbnail?id=1DFldwPZZZzjPTGPEVaaikeOIH0c1ykOh&sz=w1000
3947047719.jpg,https://drive.google.com/thumbnail?id=1Z4Vc20nw_PdyX-okxeeNlutK7tVig3RE&sz=w1000
3939807694.jpg,https://drive.google.com/thumbnail?id=1zXwr8yOZ8Fv3M-CVJOR4qqPvzc0qq3WT&sz=w1000
3893510114.jpg,https://drive.google.com/thumbnail?id=12Z1y2NaSvOA2FPR5nxYG-DRZMgk6wdSo&sz=w1000
388913235.jpg,https://drive.google.com/thumbnail?id=1bM_9gRjrsLcqbbMWutL1X5MtthGNGHrd&sz=w1000
3882399405.jpg,https://drive.google.com/thumbnail?id=1wR1MkxkHZkkyJfcfK4twgf_WOciISIFe&sz=w1000
390443039.jpg,https://drive.google.com/thumbnail?id=18lHFG4FtIAoYkKDXj4FxRihjOsp8zrfK&sz=w1000
3914456610.jpg,https://drive.google.com/thumbnail?id=1THigAZG3izMSB-mrw7kKJ41KCOGAM1tZ&sz=w1000
3855173636.jpg,https://drive.google.com/thumbnail?id=1Luk2P-h98jakoSf63NbxBXgUThiLsesG&sz=w1000
3878693122.jpg,https://drive.google.com/thumbnail?id=1hHoYrg1mL6jyxuNMzH74U3FhuYya0k85&sz=w1000
3848372359.jpg,https://drive.google.com/thumbnail?id=1-76RdaBtNiR2VVi8dL6fq3MDoq7UQtx-&sz=w1000
3851691069.jpg,https://drive.google.com/thumbnail?id=1NdclczCfBkK-ilPyYuU82fYBL9lxZiQy&sz=w1000
3850580198.jpg,https://drive.google.com/thumbnail?id=1FbNyg0q5iCi47Ccw1Vfd9h6PHI7atMQm&sz=w1000
386470686.jpg,https://drive.google.com/thumbnail?id=1M9OK8TI5Pp0dB_ZQbPy4fiJ4kSxFUkTj&sz=w1000
3848540722.jpg,https://drive.google.com/thumbnail?id=12MvWWZYms-Y3zjBjZqrOAgXdes5AHt2g&sz=w1000
384080245.jpg,https://drive.google.com/thumbnail?id=1ow6ZZc_5LGG7843esWMCHo7emXur6dMU&sz=w1000
3834502656.jpg,https://drive.google.com/thumbnail?id=1wFT-hWd-iot6qewZZ5-V9Da9m0_oCLNW&sz=w1000
384525655.jpg,https://drive.google.com/thumbnail?id=12C5WQI9lsrDRBe5jzw0DQYGprXVKGBiU&sz=w1000
3843254402.jpg,https://drive.google.com/thumbnail?id=1-x7GX0qMk_8e1SWHK5QpXLx0PuMRXRCl&sz=w1000
3826415995.jpg,https://drive.google.com/thumbnail?id=1t5wNGCudwrJTyOoAD5s8aKhukS7T8GFb&sz=w1000
3815142931.jpg,https://drive.google.com/thumbnail?id=1MoEvro2dXokYaovfreJWbSwJUAy_4gcu&sz=w1000
3795581431.jpg,https://drive.google.com/thumbnail?id=1Gq4ixhC_hmHrweOQhuIZ1DU4_16Et4Pa&sz=w1000
381751278.jpg,https://drive.google.com/thumbnail?id=1p52hLe1If6_2KBl-NWOf8I0SFtgc6HH-&sz=w1000
3815960082.jpg,https://drive.google.com/thumbnail?id=19L5it26zXzz8qB9HNBoPe5n52KhDoc1f&sz=w1000
3810466608.jpg,https://drive.google.com/thumbnail?id=18O4_zC7-YC69Tcg7t-3mYjn0mmYHdUw6&sz=w1000
3758175529.jpg,https://drive.google.com/thumbnail?id=1tXIiaehVkPR8P8-HpK1YewUBs-Ztflad&sz=w1000
3763959012.jpg,https://drive.google.com/thumbnail?id=18uDejoD29SQ_5XT6sKNtqSgstgdpoq_-&sz=w1000
378170167.jpg,https://drive.google.com/thumbnail?id=1IpCCq3hRy-554hWG1t2-o3ydIQQ4SSXW&sz=w1000
3773310720.jpg,https://drive.google.com/thumbnail?id=1Zw4xFQD-mw-wxzv0cbBByRc4IJXQ0B1b&sz=w1000
374539064.jpg,https://drive.google.com/thumbnail?id=1PAo7N984HTCgS5mhVhwD-QtbACZ9bseq&sz=w1000
3726590391.jpg,https://drive.google.com/thumbnail?id=1BhXw47ef7cGSGpfny_JyX5MWsijV6bYS&sz=w1000
3716139039.jpg,https://drive.google.com/thumbnail?id=1FPyGpEaO9pzTpNsNu4GEy57VbpjFfGj4&sz=w1000
3721744760.jpg,https://drive.google.com/thumbnail?id=1XHSKHSYvl0Yi3wvolHeRUUM9LTiS6Bhd&sz=w1000
3715669736.jpg,https://drive.google.com/thumbnail?id=1k3s7hajhAPdcLyCo_gIsNoNng5PVQplU&sz=w1000
3720645102.jpg,https://drive.google.com/thumbnail?id=1nDo5WzgBtNFupzNv84uFo23meHj861AZ&sz=w1000
3704995657.jpg,https://drive.google.com/thumbnail?id=1hVYO_rdL8JTfblyJtj3SCUpqGJmgQGn7&sz=w1000
3705976184.jpg,https://drive.google.com/thumbnail?id=18hcvzKu7GDRhONdOXoo-uVHsf_KoOpDB&sz=w1000
3694528441.jpg,https://drive.google.com/thumbnail?id=1180kae2aWudFhGo_KcIgvITYfXOerSXH&sz=w1000
370713359.jpg,https://drive.google.com/thumbnail?id=1rvTS_-lV5HqdTIFGbttKDOiFa27e8t3k&sz=w1000
3704097614.jpg,https://drive.google.com/thumbnail?id=1ngxjQ6SdbDpV0jO-mws1XckMZC7vpMxg&sz=w1000
3695064885.jpg,https://drive.google.com/thumbnail?id=19iXVaxdc5hDaztZA1qncxrezTfxiGLp0&sz=w1000
3705470430.jpg,https://drive.google.com/thumbnail?id=1Uj5AjkFvDJNbLb71ifWkmACNCxonhWui&sz=w1000
3678100844.jpg,https://drive.google.com/thumbnail?id=1ynC5e_D9UI55r7_j0HpMqAMocJunbwHK&sz=w1000
3681575323.jpg,https://drive.google.com/thumbnail?id=1Y2Q-HlNW8limnC4QtK1bWlVh3TG2Q8T0&sz=w1000
3677964239.jpg,https://drive.google.com/thumbnail?id=1kT7zuCOb6qNNJt-gL9CbsURJFz__DyyT&sz=w1000
3688797852.jpg,https://drive.google.com/thumbnail?id=1brwpO9QIGf1siJxP72_KJp1pBIv1Cxx1&sz=w1000
3677734351.jpg,https://drive.google.com/thumbnail?id=1vAJAMaXxc7Pw9wGiiYvBGb_HfQealv9q&sz=w1000
3672758184.jpg,https://drive.google.com/thumbnail?id=1vk2tmBVKOkNhHs-ZjOhvtviKsQYywWy-&sz=w1000
3670907052.jpg,https://drive.google.com/thumbnail?id=16E1fl5rLRbVAj-Tkoo-ojqJbK8VgGRv0&sz=w1000
3664860861.jpg,https://drive.google.com/thumbnail?id=1N96WI82A7ZLxctvjCHd05x_dy1NFmAiS&sz=w1000
3655074079.jpg,https://drive.google.com/thumbnail?id=1lCZ-6tgz3pmxYv2uAD8VTGjK1TOdrIMj&sz=w1000
3666169738.jpg,https://drive.google.com/thumbnail?id=19cbrVUO-O4xqcR4OStvfjaay6KbEbO5g&sz=w1000
3658643976.jpg,https://drive.google.com/thumbnail?id=1XGoudGU_POT9I7xKVJV3pyhurZlHAakW&sz=w1000
3655133348.jpg,https://drive.google.com/thumbnail?id=1NYmCkptN-prMyVu7GJUQmKUDarH6y6rZ&sz=w1000
3639363462.jpg,https://drive.google.com/thumbnail?id=1pkoJq2Eg3limbshFCkvdT9nlaehJJKcx&sz=w1000
3647617584.jpg,https://drive.google.com/thumbnail?id=1u_afhLfO4hj8AwAQ6MIFuCJsB3IWV4QW&sz=w1000
3651971126.jpg,https://drive.google.com/thumbnail?id=1dyO1FTYhxr7s6LxV8fto4sCztsExorCV&sz=w1000
3652150541.jpg,https://drive.google.com/thumbnail?id=1SA4-OePBWT5xRErOA1whNJp3Yo1osb_D&sz=w1000
363792438.jpg,https://drive.google.com/thumbnail?id=1NZMlpX9njkji9l3H00lxtleIlprjVW9J&sz=w1000
3632197966.jpg,https://drive.google.com/thumbnail?id=12ECDDIf0Wg3EoBiMSiM1P4WdQcDPw6-a&sz=w1000
3631024633.jpg,https://drive.google.com/thumbnail?id=1jGBXykqBPiL2Lft48s4RGuKfa4vi3kA_&sz=w1000
3625957413.jpg,https://drive.google.com/thumbnail?id=1ogi2dzhvFtessCTijRZRpHZZvCyJaBBh&sz=w1000
3612538549.jpg,https://drive.google.com/thumbnail?id=1XiKyAIVO_r0oy12Mck22fy2d8vSJDkJK&sz=w1000
36142198.jpg,https://drive.google.com/thumbnail?id=14WHso_HpYr3sCrC7YOKGg3oyi-mSKUmG&sz=w1000
360614682.jpg,https://drive.google.com/thumbnail?id=1zMlxxtLrLV8DOB6Scn3OU6JvUz6r5ltz&sz=w1000
3606942887.jpg,https://drive.google.com/thumbnail?id=1E_Hue6r5stq_hQuIsnl8fHPTkiojfDW5&sz=w1000
358754388.jpg,https://drive.google.com/thumbnail?id=1bXN7ik95DSAl4syZnHyluG-UjYu6tpx9&sz=w1000
3588950723.jpg,https://drive.google.com/thumbnail?id=1OIDDJlMxep93Nn4Pmba6BTfRZmuUzXnF&sz=w1000
3591094476.jpg,https://drive.google.com/thumbnail?id=1KQzlldhnFQsC1j-lZSkDa1npj3dQ9I4c&sz=w1000
358559906.jpg,https://drive.google.com/thumbnail?id=1p9MSbjs7B-zTauw4EPr8qdjdzBWARmCd&sz=w1000
3568225554.jpg,https://drive.google.com/thumbnail?id=1bR0zY1ljtWyInZYC5ZfO9f-pFjnGe_-t&sz=w1000
35652137.jpg,https://drive.google.com/thumbnail?id=1-luhsom1dDv9Wf8KCN3X8AB9rNGeuAI6&sz=w1000
356981206.jpg,https://drive.google.com/thumbnail?id=1g0Ytbte2yoQSbljtT69XoZgwkE0Q5-Kk&sz=w1000
3569416047.jpg,https://drive.google.com/thumbnail?id=1exdXfOzaIYwjftu_0iBhHH0KGcAAfHvG&sz=w1000
3576250302.jpg,https://drive.google.com/thumbnail?id=1pa0RkelLyf_LgEOKBKbDQ9PlWkhC2dI8&sz=w1000
3564436847.jpg,https://drive.google.com/thumbnail?id=1wLJqY6T1BlhgzO8sRH3hMg58KK6MIl-O&sz=w1000
3577744721.jpg,https://drive.google.com/thumbnail?id=1ZW38l3K4_UeNtVG4r4n4pA3MtdjV_Oy-&sz=w1000
3550103311.jpg,https://drive.google.com/thumbnail?id=1fjgP2mlIJNksS7RfGV91likSXFiho2Ki&sz=w1000
3559429170.jpg,https://drive.google.com/thumbnail?id=1fq3UpxK2Rjk5qnlWtmNhJgrH3StoquUO&sz=w1000
3557871242.jpg,https://drive.google.com/thumbnail?id=10R6PRr-Aq_LK64f_HWl34nQzLShD0tD3&sz=w1000
3539552261.jpg,https://drive.google.com/thumbnail?id=1EIlbkPb6ciI8dnkNtcxVyxSRUB734N1w&sz=w1000
3546027589.jpg,https://drive.google.com/thumbnail?id=1Yhg4TrkvbENHyFX_M9JEFrLolZgk7xzJ&sz=w1000
3532593368.jpg,https://drive.google.com/thumbnail?id=1o_1LQEg0mMywWmsXYewjSH71d7bCEAXo&sz=w1000
3533451027.jpg,https://drive.google.com/thumbnail?id=1EQ7gtm3k6dG9bH2U59L8t2uLAhRN6g8q&sz=w1000
3533713163.jpg,https://drive.google.com/thumbnail?id=10regjlAnoAsuWbvRmQ41DXXMeK--eG03&sz=w1000
3515378674.jpg,https://drive.google.com/thumbnail?id=1mIC-KWgQwa2GTXbL2nYoFCw-q1wP8Qdf&sz=w1000
3515451715.jpg,https://drive.google.com/thumbnail?id=1UZJdXcPZdtx2R4X_5bFDDAkTEi562cdp&sz=w1000
3519233693.jpg,https://drive.google.com/thumbnail?id=1WEqb8dIgnZer7yEgz5QMLStT9kgCi2yk&sz=w1000
3522349685.jpg,https://drive.google.com/thumbnail?id=101K0KbQulkQ_vNpjWnWuo9OOPBpYScVL&sz=w1000
3516825206.jpg,https://drive.google.com/thumbnail?id=1W3x_1CLBH2ZPDvnuQ1pbvKVxOfyVlSQl&sz=w1000
3517127930.jpg,https://drive.google.com/thumbnail?id=1BP4fxriJDO_EVVPm5gFjxP0PN6Mk7xl-&sz=w1000
3518822380.jpg,https://drive.google.com/thumbnail?id=1vqUvpc6M0ThkN8wHjk5bYuS4N8URwial&sz=w1000
352023925.jpg,https://drive.google.com/thumbnail?id=1nsMNuMqGmA7HL1MUuSrQmO5_3EmD-QF_&sz=w1000
3525453732.jpg,https://drive.google.com/thumbnail?id=1HHCtp_wmYsmTWybPk5aBdThZuTUattvU&sz=w1000
3506560025.jpg,https://drive.google.com/thumbnail?id=1hGAK4A2BM42oMlnjqhQh2x8af2RpxwkX&sz=w1000
3503021545.jpg,https://drive.google.com/thumbnail?id=1RiOlVTIaaNMzUG1tINWay27CMu7vM93G&sz=w1000
3500829879.jpg,https://drive.google.com/thumbnail?id=1AZ73wuuWwY8I0OXzp2H5cjoPofh4zD38&sz=w1000
3505568481.jpg,https://drive.google.com/thumbnail?id=1Us1729wKsKW1KD2nxRLP85uMBJ5-MCZM&sz=w1000
3498997518.jpg,https://drive.google.com/thumbnail?id=1GaUEXtbDwIzZDaDKe2abLw2yyDrKyh48&sz=w1000
3514184232.jpg,https://drive.google.com/thumbnail?id=1NkAjBDSYfCQwzvhPhckUUp64Sm1FXsKy&sz=w1000
3490528249.jpg,https://drive.google.com/thumbnail?id=1MzsZabXgBtcI0oLFqjjjmnizvhiNnDv1&sz=w1000
3487533923.jpg,https://drive.google.com/thumbnail?id=19j_ZjqJlyqfGiBr0_CnopzWqzulqlVsQ&sz=w1000
3489152432.jpg,https://drive.google.com/thumbnail?id=1NveHPJJR-uyQ-EiXFzJjdvmqJGb9ddTA&sz=w1000
3496028495.jpg,https://drive.google.com/thumbnail?id=137vsZt4-m93-lNHOAZ8XfTQonmwSrX2A&sz=w1000
3481859121.jpg,https://drive.google.com/thumbnail?id=1n7i-98XWaXhraWeiX8nmxVkXxksCVpoK&sz=w1000
3485657956.jpg,https://drive.google.com/thumbnail?id=1EsRrQMW_IFRWoJPsMvVIhHBWNot2oi6h&sz=w1000
3489014985.jpg,https://drive.google.com/thumbnail?id=1VuqDIUdZAg7qUMV0iBnPd759JjH2u98U&sz=w1000
3494723363.jpg,https://drive.google.com/thumbnail?id=1sFeY9pSKJnk2m4jKq1anfyM77JHpV2JO&sz=w1000
3474141411.jpg,https://drive.google.com/thumbnail?id=1-Mz4-Wwud4DfCELZLuq9vYkD3_zInEzv&sz=w1000
3479050296.jpg,https://drive.google.com/thumbnail?id=1nEWpvg3hgBgnaNEzTBF6UQ8abA2gFSty&sz=w1000
3475257782.jpg,https://drive.google.com/thumbnail?id=1WDQvq8gkw5BGR8GK5qgHE23cvTSlYhVV&sz=w1000
3465791729.jpg,https://drive.google.com/thumbnail?id=1ISLMV6zFJd2jASZh_qH6d9AF21egh-I8&sz=w1000
3475581086.jpg,https://drive.google.com/thumbnail?id=11zx5YuUCE5GLZ8KDARoBqrRIskxOfo9m&sz=w1000
3470303255.jpg,https://drive.google.com/thumbnail?id=17knH-7b24JiBlVs6iXwT1Ry01gbsgraK&sz=w1000
3477289176.jpg,https://drive.google.com/thumbnail?id=1BgR6RQllEPaVB-L1-k-5fWtZXJKnef4N&sz=w1000
3458215674.jpg,https://drive.google.com/thumbnail?id=1B594VlHGrpeT-4L1J0OuwV3WQOe9ibwU&sz=w1000
3445428367.jpg,https://drive.google.com/thumbnail?id=1rsJHDKCC2nzc8wIuw-B0YEHwTrBslfKt&sz=w1000
3452831489.jpg,https://drive.google.com/thumbnail?id=1GtpOaIdcWblvmN88JmLhfyuFAAwV97Rb&sz=w1000
3453544202.jpg,https://drive.google.com/thumbnail?id=13W-PyOMJRJjCFLFrlyaeHp2oFZr3BoqP&sz=w1000
344403580.jpg,https://drive.google.com/thumbnail?id=1YdNAQ01Ln1GWxSnuv4wqyJ5tNml-abrU&sz=w1000
3460358347.jpg,https://drive.google.com/thumbnail?id=125uY_nvh3rxpUafBMHNB9avgeW1807_X&sz=w1000
3457794471.jpg,https://drive.google.com/thumbnail?id=1KIX5WOhK5p-LVVCGm0DStd2ITBXXKKrn&sz=w1000
3460551728.jpg,https://drive.google.com/thumbnail?id=1SGp6EcAPfaK_ryMSSCgb7hLR7G8U8aK6&sz=w1000
3461106572.jpg,https://drive.google.com/thumbnail?id=1_h5vUujwr6DJKrCclQQ7GOSxzhwcmCiM&sz=w1000
3444281183.jpg,https://drive.google.com/thumbnail?id=1xgqccY_g7DXws7pwKrpT7uFflHqSTkAf&sz=w1000
3432656291.jpg,https://drive.google.com/thumbnail?id=1idMXl6SzX1OWqOUaiSToXABgHy2IDJxw&sz=w1000
3441145615.jpg,https://drive.google.com/thumbnail?id=1ou427GRZFZ0yIjlmLaU2as1xcZzFdrRQ&sz=w1000
3409727957.jpg,https://drive.google.com/thumbnail?id=1lrq26cEEnflxtuZ-kO1CaFG_pyMsBI-_&sz=w1000
3422654731.jpg,https://drive.google.com/thumbnail?id=1cP2_j9sLp1-ctqlK5RiidIbLn4z1JMvx&sz=w1000
3424861467.jpg,https://drive.google.com/thumbnail?id=1msB6U_ptIBjmQPovVnWY3Jp_TMMGr04w&sz=w1000
3421799543.jpg,https://drive.google.com/thumbnail?id=1Ho0X4V26B-NGw0qV3zoLW5YVUs9qWnR7&sz=w1000
3423678845.jpg,https://drive.google.com/thumbnail?id=1pnmgkrbRhTt7XH88MHpHF04AGtGgtyfw&sz=w1000
3389995545.jpg,https://drive.google.com/thumbnail?id=1MnZB9o2ZkDmOY_xZpUIjsNKwZb8NQDpf&sz=w1000
3387542157.jpg,https://drive.google.com/thumbnail?id=1BhF_g0rlmJRHIatz0aTTpaUfpNN-iSCF&sz=w1000
3401039304.jpg,https://drive.google.com/thumbnail?id=1GDZKkMjgNCovBE6VmW0f_3fppBKmvSY6&sz=w1000
340425915.jpg,https://drive.google.com/thumbnail?id=1FjN-S7gXfhjDVV8hioc-Yp0_Ivc4KwN4&sz=w1000
3401333624.jpg,https://drive.google.com/thumbnail?id=1nsSaiLUSHLU1ZLnwXZynXIC1n3H1MXpi&sz=w1000
336460583.jpg,https://drive.google.com/thumbnail?id=1Fksqs8Ru952J3qFsNh3XezYXMWWHnKj-&sz=w1000
3381038951.jpg,https://drive.google.com/thumbnail?id=1PsvIaqbMNPvEVAZY-1UEuVmhgOMjesSS&sz=w1000
3374265095.jpg,https://drive.google.com/thumbnail?id=1F48cq-pyy-ajxArC0ONABY2E6lyKID4Y&sz=w1000
3367203998.jpg,https://drive.google.com/thumbnail?id=1CyXQGNKZWbyZO7CW9iJ1twFU04rI09CP&sz=w1000
3377570617.jpg,https://drive.google.com/thumbnail?id=1aUm6olXqr335_lcnA_Zwf8Er3rVqOSBO&sz=w1000
3361882891.jpg,https://drive.google.com/thumbnail?id=1DkKCh_KJ8CQfrr14fs9ywGhBBSeydWqf&sz=w1000
3360823754.jpg,https://drive.google.com/thumbnail?id=1liiuxeMXZcb5xjjRn7ftdNJG0rzdlS3k&sz=w1000
3351596152.jpg,https://drive.google.com/thumbnail?id=1_HTMbivm18rUNVL7W6ZbatPyQanHj8aY&sz=w1000
3358923745.jpg,https://drive.google.com/thumbnail?id=11dexC5_lRQ9koHd916N16vMhNfdUZBTG&sz=w1000
3346992806.jpg,https://drive.google.com/thumbnail?id=1ByQ_IiUrqL_g67qRXxambIDRT_zSePTX&sz=w1000
3361411074.jpg,https://drive.google.com/thumbnail?id=1NjVRp2taKxrHWrKexTy_psJCLrijTluf&sz=w1000
3361278843.jpg,https://drive.google.com/thumbnail?id=1383aokx2E-C1sNR4kYhiJQ8F5b0gZn1M&sz=w1000
3342271377.jpg,https://drive.google.com/thumbnail?id=1Ci9z-wXKfdEFTRoRZBYRe5wCzIqzkyBZ&sz=w1000
3335692531.jpg,https://drive.google.com/thumbnail?id=1xdFsN52flbnmenu8OeAs51qm_Dw8U4jv&sz=w1000
3324746155.jpg,https://drive.google.com/thumbnail?id=1YMpiMlaVvN0G2AFJHLLykgmvFFCCdnRr&sz=w1000
3321209919.jpg,https://drive.google.com/thumbnail?id=1XgRuP4_nWHWwmRpdUl43rw2uN4xo_Dp2&sz=w1000
331331911.jpg,https://drive.google.com/thumbnail?id=1EMUM9DDddxwSPvBpvSHRJXKqlkdEatLC&sz=w1000
3314517351.jpg,https://drive.google.com/thumbnail?id=1BdQbvW1IpxI_yPX7xOR-3Tll1ZY4jfYd&sz=w1000
3317079939.jpg,https://drive.google.com/thumbnail?id=1ZTLrrYvj8oM-odBwBrptjPVsNXjF278F&sz=w1000
3316120400.jpg,https://drive.google.com/thumbnail?id=1WUvZmcBm8GgsGBrNYae7fEUpav33EJps&sz=w1000
3302667658.jpg,https://drive.google.com/thumbnail?id=1AYFT-HMzmFrrS4zmZkIwt8YkMjeYLh_8&sz=w1000
3303155124.jpg,https://drive.google.com/thumbnail?id=1tl2Iqhd9sWy-Qvd3u7-BYIxXhnGNAbaa&sz=w1000
3305107222.jpg,https://drive.google.com/thumbnail?id=17L0ySGtEKijPxePMravBjclhPPgORdFj&sz=w1000
3309082580.jpg,https://drive.google.com/thumbnail?id=1NM19B8CVhjT21N5PEzHRZaMFm9PheEde&sz=w1000
3293974034.jpg,https://drive.google.com/thumbnail?id=1lM6W3G33ZQ0QmVQKaUC1Uwvm_Xut339V&sz=w1000
3309042087.jpg,https://drive.google.com/thumbnail?id=1elLif3eH4MSuXykeQ8G1zdQPr1mEE93D&sz=w1000
3274879561.jpg,https://drive.google.com/thumbnail?id=1UNXYwPQn8pdMULWqOk9GFDdpf3ew1HE_&sz=w1000
3275748918.jpg,https://drive.google.com/thumbnail?id=16yBcdv1MVV57h5tMMWF-5AedQUmDesg4&sz=w1000
3282897060.jpg,https://drive.google.com/thumbnail?id=1hFa-_pFjY1W9AjZLxZ3g7PAfKfTwfNGS&sz=w1000
3276475986.jpg,https://drive.google.com/thumbnail?id=17CWtmAYwyYeS9nzgScTwCAaHPRxAUmbl&sz=w1000
327415627.jpg,https://drive.google.com/thumbnail?id=1nG0acYendaoH89y0FDBJ1y_r9-EUEPcc&sz=w1000
3279524184.jpg,https://drive.google.com/thumbnail?id=1E9Nyb4ADULm2Xro7f2KoP62ld-dL8KNy&sz=w1000
3270458442.jpg,https://drive.google.com/thumbnail?id=1hzXRa_i5Q6BeRSNZ4Kc8Fc1f31W0HA7Y&sz=w1000
3248408149.jpg,https://drive.google.com/thumbnail?id=1NdnGlTnTkIVJz2f56T6Cl9HKWWfQK2qO&sz=w1000
3242881252.jpg,https://drive.google.com/thumbnail?id=1jp-TVNR6tppo-uYq-s2At8EO9TGzcDhU&sz=w1000
3225984916.jpg,https://drive.google.com/thumbnail?id=1p5XlHeiLqEb_m0JRwU8DB5piXopX8oo_&sz=w1000
3207264553.jpg,https://drive.google.com/thumbnail?id=1MOz8zN7OlueT0-c81CWZqN8GTCbxgggq&sz=w1000
3206058778.jpg,https://drive.google.com/thumbnail?id=19QY0CquoWHz1xBuZElSymnBXHt8nckB0&sz=w1000
3206919175.jpg,https://drive.google.com/thumbnail?id=1ELM24hsEY-S6jLbj44BArRPhJZVsjrss&sz=w1000
3208188198.jpg,https://drive.google.com/thumbnail?id=1Msd_4uYQK89C3x3o3UYM3UukdE-AzqNe&sz=w1000
3214333978.jpg,https://drive.google.com/thumbnail?id=1knIEW9S70xPqS0hfHTlZmLj9pnGm78Kp&sz=w1000
3222250187.jpg,https://drive.google.com/thumbnail?id=13ogf7SN_zZdOt6LfRTdnZimaui5ZCQ3N&sz=w1000
3208074567.jpg,https://drive.google.com/thumbnail?id=1OW1ZK0tPACkzj3UvARZdkJ5AfYLam4LB&sz=w1000
3219905138.jpg,https://drive.google.com/thumbnail?id=1hwYlJD5wkcxjnUherCaDQEwGglFBLKnB&sz=w1000
3189941492.jpg,https://drive.google.com/thumbnail?id=1tKHdC5cOKCOiwLqkIEXxkJoyibRD_gOq&sz=w1000
3201666946.jpg,https://drive.google.com/thumbnail?id=1eRTmppzdzLmWR-oiDSnGnv2_1ezMt6jT&sz=w1000
3191805046.jpg,https://drive.google.com/thumbnail?id=1chi8B2y4hHpwivdo1TPANkk8vmeizB0_&sz=w1000
3186694070.jpg,https://drive.google.com/thumbnail?id=1r6nr2e7esaUk0Hotsutyvtrb54DnSr3u&sz=w1000
319379660.jpg,https://drive.google.com/thumbnail?id=1mQS0B4qU6yUkKi4_fjbpUaOR_Tn4otP9&sz=w1000
3190295971.jpg,https://drive.google.com/thumbnail?id=1epkP3RVyJkkwZgkVpC6HJYLVUDPp9Vj0&sz=w1000
3198247669.jpg,https://drive.google.com/thumbnail?id=1qmpMK8clscOiwm5T49khbyAfHLrcbobP&sz=w1000
3194533056.jpg,https://drive.google.com/thumbnail?id=1-HPBVY_18t76IPd-HgHXC7p8os2xCBgm&sz=w1000
3179223972.jpg,https://drive.google.com/thumbnail?id=15E4jtZokMe76AMPygQqTaV1FrWEusH6d&sz=w1000
3182517887.jpg,https://drive.google.com/thumbnail?id=1Hhk2CR1sKBWpfOQUT2C05Xa6u340A2FG&sz=w1000
3185645793.jpg,https://drive.google.com/thumbnail?id=1FCVpc885AnMSQ0g81kcGcjvNluWNpOf9&sz=w1000
3174431688.jpg,https://drive.google.com/thumbnail?id=1UFAewwl4UvExQA9KZyr_BQWIWlSVfw1f&sz=w1000
315021440.jpg,https://drive.google.com/thumbnail?id=1NchNMrw6COeL27tlV75mVqV-AqemBVL4&sz=w1000
3164347907.jpg,https://drive.google.com/thumbnail?id=1sJtlvYuIYTvqQ4_g_95xLccNMrHzZOlG&sz=w1000
3148193539.jpg,https://drive.google.com/thumbnail?id=1vf0UYjLKrRJ7G_O05IFOiaVjlHEKm7uj&sz=w1000
3123351642.jpg,https://drive.google.com/thumbnail?id=1W2o1-l1gQrg-_x_usLJdEtcHggor82hu&sz=w1000
3139055381.jpg,https://drive.google.com/thumbnail?id=1nZ5ahrS4QhbZZatbZbcUELpIrsrdkiCC&sz=w1000
3143159297.jpg,https://drive.google.com/thumbnail?id=1k12k7ZtejDTo3h6aHBPLA56gkxE5-LKc&sz=w1000
3138399980.jpg,https://drive.google.com/thumbnail?id=1M3DNwAipSLgX1tVe0REEYPmTPaDZQ8kn&sz=w1000
313326614.jpg,https://drive.google.com/thumbnail?id=1OMJH2SKYbLQK09T7D0fW7cKU40TSQxs_&sz=w1000
3126225245.jpg,https://drive.google.com/thumbnail?id=1iU0pm85mKWBs0Wfp29VzlgEGnjzy4qAV&sz=w1000
3117562746.jpg,https://drive.google.com/thumbnail?id=1THh92sdlh3_Xu_5fefcn3zHPXEW82nMw&sz=w1000
311104290.jpg,https://drive.google.com/thumbnail?id=1zuJW-NFXy4oB9Ns1sRukHibAvpzIyN_w&sz=w1000
3106481014.jpg,https://drive.google.com/thumbnail?id=16TlLDCJY6l40EUPXm-P8-0zLY7UZxA0m&sz=w1000
3102363657.jpg,https://drive.google.com/thumbnail?id=12En32EPSlMupHxUWHGT7D21z7L0zDqCf&sz=w1000
3091921457.jpg,https://drive.google.com/thumbnail?id=1_ep9DelB3VraITkeTQedX7QL12qdgzuG&sz=w1000
3094928020.jpg,https://drive.google.com/thumbnail?id=1B51iFdnvT9WjDuJH_DtxzaTlJdcssKNx&sz=w1000
3084472304.jpg,https://drive.google.com/thumbnail?id=1jTuk8WGU50GDLn0eLV9YcGoJV6o6JZRl&sz=w1000
308487515.jpg,https://drive.google.com/thumbnail?id=1c0eaSlK5TSboXxuQvxEVBL22mYOoM_bd&sz=w1000
3068407619.jpg,https://drive.google.com/thumbnail?id=1mljlQSrvqoSqEd-1Cdfvivkhz1CK1qPS&sz=w1000
3057432536.jpg,https://drive.google.com/thumbnail?id=1ICi2pXKIrTG4KhSO34HnHPtKAhRmKUlg&sz=w1000
307280420.jpg,https://drive.google.com/thumbnail?id=1nD9oCOTkwUe6eUJOJh3INgwTWij_SAqX&sz=w1000
3060594966.jpg,https://drive.google.com/thumbnail?id=1MNuHZleWv1HD2PXa-BhH9qp3jXj-GUsE&sz=w1000
307321761.jpg,https://drive.google.com/thumbnail?id=1QJ-mZW96SN0MV7DozYyRdDEA8ri3KFbn&sz=w1000
3068945309.jpg,https://drive.google.com/thumbnail?id=1eRwH4oLHz6LDQE9rlxycxpmP4itwAROJ&sz=w1000
3039209547.jpg,https://drive.google.com/thumbnail?id=17nQJhpDWv6fYYx8laTjfeR6qI2hgeBRo&sz=w1000
3051529200.jpg,https://drive.google.com/thumbnail?id=1gUerX4MK-CQSXeBDOnnvQCZkkHde8UL8&sz=w1000
3044359043.jpg,https://drive.google.com/thumbnail?id=1ZUrS-UPVujC9d8TZUFsMjROOAw0AYwie&sz=w1000
3042173467.jpg,https://drive.google.com/thumbnail?id=1PKoRAAdSnXj33tPz7FRt-qp_oy51KVOW&sz=w1000
3045118155.jpg,https://drive.google.com/thumbnail?id=1sYdBBZmJpaXBDUYyOLe8PNU1TC70ulQJ&sz=w1000
3036894037.jpg,https://drive.google.com/thumbnail?id=1EWSCdZsOEqeoeNHek5HB017Bxld3qT35&sz=w1000
3030566410.jpg,https://drive.google.com/thumbnail?id=1Mp0ScZafTYEj17JvmhgQtpOL3bhMmGne&sz=w1000
3017871294.jpg,https://drive.google.com/thumbnail?id=1iBiQup1zhcFA-1alYlOui_Dd0Tu6Qe2c&sz=w1000
3014080715.jpg,https://drive.google.com/thumbnail?id=1754XGcqK8KZfYGPuvsotDfpkbSt8CWtO&sz=w1000
3014071227.jpg,https://drive.google.com/thumbnail?id=1Vw23691w3fPXGMjK5ONFDPiH050l2BIe&sz=w1000
3020578684.jpg,https://drive.google.com/thumbnail?id=1-rBWsr8zTGodo0pkf_13t6w3Lmq2DEUW&sz=w1000
3026323500.jpg,https://drive.google.com/thumbnail?id=1WVtlmv75Ru2_yYz5FGWbqr6JgSiuBMdp&sz=w1000
3030962048.jpg,https://drive.google.com/thumbnail?id=1ZcoshtwJqoGQ3PWUJl9yxiE0oCOeRyNY&sz=w1000
3016178284.jpg,https://drive.google.com/thumbnail?id=1fs0Qw9dAKBWC5GODFW1JX8v_CbjyHTsd&sz=w1000
3012229.jpg,https://drive.google.com/thumbnail?id=1DTTgR9aiU12dGH-OhJbOZE6MezzPTIMf&sz=w1000
300765528.jpg,https://drive.google.com/thumbnail?id=1GPpjGKfgz5TB_mdDGuHvq4ZYU1KYwt0-&sz=w1000
299265726.jpg,https://drive.google.com/thumbnail?id=1j3_ppiMKW7zjVgTiHvkI2EamUzcl4AHd&sz=w1000
2987576188.jpg,https://drive.google.com/thumbnail?id=1PIYRHObYeaFI6h6I3TDiTjhVJnZG1xIl&sz=w1000
2989210278.jpg,https://drive.google.com/thumbnail?id=1nr0jllVWDfjbfja5_2f_aDNrPo0qeBN_&sz=w1000
2998185688.jpg,https://drive.google.com/thumbnail?id=18ctxsz41jVJKOd1C1HUOh7jh2IgobSSd&sz=w1000
300670334.jpg,https://drive.google.com/thumbnail?id=1m33QuFYbWKC1XOh2fMNmWvWecHF4P7uu&sz=w1000
2990563425.jpg,https://drive.google.com/thumbnail?id=1auq9ZlgfYwQgwgrDoF5HevZv05W3gT_G&sz=w1000
2968135512.jpg,https://drive.google.com/thumbnail?id=195RuvdmgeMFILtBHWeF54fmYn0gQb_wW&sz=w1000
2961017118.jpg,https://drive.google.com/thumbnail?id=1Etb8BLxExrX6eRHpubsEMgrsLpDlV0wG&sz=w1000
2973272684.jpg,https://drive.google.com/thumbnail?id=1NgthWxwYrZCnBZtL-vCJDuF-BNkP_-7q&sz=w1000
2982923852.jpg,https://drive.google.com/thumbnail?id=1fMKQUU6nrxTE2DqNACymNmjTnoXFB-vu&sz=w1000
2978735290.jpg,https://drive.google.com/thumbnail?id=1QmBIey39XAp2k-HBKBRu7ehayeYdR1a2&sz=w1000
2950905787.jpg,https://drive.google.com/thumbnail?id=1vr7EqUlFTPtNCNw5Jpn8qQSCOTeR4pmF&sz=w1000
293879742.jpg,https://drive.google.com/thumbnail?id=1m4-gmiC9KMqYXjAVA-RgaCA9Q87MKy2p&sz=w1000
2951310606.jpg,https://drive.google.com/thumbnail?id=1x87lWLGJzGM097VvU2W3tWDXjKgxzbO-&sz=w1000
2960033435.jpg,https://drive.google.com/thumbnail?id=1Rs0BbZA5dwkmpJISY4ntYhApPJprezV6&sz=w1000
2948814138.jpg,https://drive.google.com/thumbnail?id=1UCuGoSrXKV8Esm6duwbQ4GHc_RHen-gP&sz=w1000
2943375194.jpg,https://drive.google.com/thumbnail?id=1WLJ7BV_r7dVw5S1Rhq41f6i_0Ux5SqN8&sz=w1000
29320312.jpg,https://drive.google.com/thumbnail?id=19afBCJjCuypQbXlAqPzmZX2rfPtgF5dZ&sz=w1000
2922790834.jpg,https://drive.google.com/thumbnail?id=1LbkthZH0zK7uMmhbE1o2r1P7djvx8cgO&sz=w1000
2929272606.jpg,https://drive.google.com/thumbnail?id=1A4sWzCiORFzjMd_pU2TyvHX3mLhTxi6u&sz=w1000
2925522500.jpg,https://drive.google.com/thumbnail?id=1HhDABTClmfpD4eUT_U_fO1lD9FQb-ml9&sz=w1000
2917057791.jpg,https://drive.google.com/thumbnail?id=1gG5a8YUZsF8Q41sFfDegR4ms7D0Q2hnR&sz=w1000
2926595608.jpg,https://drive.google.com/thumbnail?id=1IQUyKlRVwcQAsnKWPciwvnJMgdqkbahd&sz=w1000
2920305300.jpg,https://drive.google.com/thumbnail?id=1yU5xgWgw0HHR7Ifne-2RPoHrild2Mo8U&sz=w1000
2935921151.jpg,https://drive.google.com/thumbnail?id=1t6uAen6ycP8QFobYEDsnU3L2VFIPVYHh&sz=w1000
2932550680.jpg,https://drive.google.com/thumbnail?id=1ZgLZT1G4pLN-ZqO4nLNO6uoQl9hv7NrT&sz=w1000
2917480555.jpg,https://drive.google.com/thumbnail?id=1Zdjr9tI301ru-kdfZhHAp-v_GIseacjh&sz=w1000
2914206497.jpg,https://drive.google.com/thumbnail?id=1l9HcxHeMcOVqZkcEH8w4oXF1hw7Ri6-L&sz=w1000
2915792034.jpg,https://drive.google.com/thumbnail?id=1jUaM0sZCaY5DOMFeJOpIdb6cy4Vo-Hht&sz=w1000
2898710898.jpg,https://drive.google.com/thumbnail?id=14nDHTALjKCJNcCyMfPu_yoF0e1y9JzBT&sz=w1000
289638863.jpg,https://drive.google.com/thumbnail?id=1wfEkNSX3gDBTUUhg0Zd2koA2YIu01gu0&sz=w1000
2886225006.jpg,https://drive.google.com/thumbnail?id=1z2hdtdtO6brSzS-cY3isdsMm954jf8rt&sz=w1000
2883324329.jpg,https://drive.google.com/thumbnail?id=1rOB-UYzuOqJDQHM0aLUlwtlaHpu_46T3&sz=w1000
2889339134.jpg,https://drive.google.com/thumbnail?id=1pHPeCFEbwdylcRoSW-yGONHk6W2GJbgo&sz=w1000
2882056260.jpg,https://drive.google.com/thumbnail?id=1I_zUIbL-IEO20qeV3ym0VbCThMCAaAYS&sz=w1000
289262112.jpg,https://drive.google.com/thumbnail?id=1byVwC7ag0ZvqhbJmY4VlUTmof0Qq5ZmQ&sz=w1000
289387198.jpg,https://drive.google.com/thumbnail?id=1JPY7I2IwGWLf0untrTYfeKkd7nxLEcUS&sz=w1000
288508162.jpg,https://drive.google.com/thumbnail?id=1zwFlxe1skd-h_-XrDeYVP-KC5Q7wnKkP&sz=w1000
2893476169.jpg,https://drive.google.com/thumbnail?id=1m8eP7f_dZDUrlv_IC3VF_Sz7m7jFzpjq&sz=w1000
2862931640.jpg,https://drive.google.com/thumbnail?id=1fzrj_HwYHpuaZtEgwIthIXneM62rJZkI&sz=w1000
2868798.jpg,https://drive.google.com/thumbnail?id=1b4Ifv1jjHFBsOAtjmwI8JzKTnDRsdpE4&sz=w1000
2873252292.jpg,https://drive.google.com/thumbnail?id=1XKCSPo8_WaiQXJomqsdeCtHbn6TZurCo&sz=w1000
2878041967.jpg,https://drive.google.com/thumbnail?id=1yhBrTttwsTw83SdbcJ-W_Wb3f-Fhdraq&sz=w1000
2861100960.jpg,https://drive.google.com/thumbnail?id=1d2g5C_ebhAwnDxNT7_-Sbv-t66VQTelO&sz=w1000
286459527.jpg,https://drive.google.com/thumbnail?id=1t21wBvRY8qFf5559FNNc6NdphMWnYcFB&sz=w1000
285318896.jpg,https://drive.google.com/thumbnail?id=1wWBxzXF5XDrEODYOJINjrE8-4W9VlTqC&sz=w1000
2845916888.jpg,https://drive.google.com/thumbnail?id=1FtwsMtbDOiYRl6QXw8IQxZxqrq-Z6bwJ&sz=w1000
2856524322.jpg,https://drive.google.com/thumbnail?id=1IFojPoUsX2Z8Qs7QDUFVqgn1jhGShgeH&sz=w1000
2838888385.jpg,https://drive.google.com/thumbnail?id=1wvvlo7-vqDswzhJPtIgXyc35Ezi7-Wd1&sz=w1000
2845760148.jpg,https://drive.google.com/thumbnail?id=1ipuOGdpbEPDRH78bUC5xeVT7KUprsISL&sz=w1000
2838452780.jpg,https://drive.google.com/thumbnail?id=1KnEKY7Z6OYAcW7CnGUWXN7dp4gcE1t0n&sz=w1000
2823200990.jpg,https://drive.google.com/thumbnail?id=1rgmpJYbxjpQsGaVBXRYOUNeT_wUoT2Hj&sz=w1000
2826039666.jpg,https://drive.google.com/thumbnail?id=11i6pqRxN3NUicgtMPgO07-R11vYgikGw&sz=w1000
2835367658.jpg,https://drive.google.com/thumbnail?id=1l3875N7t1EgqDW7g9cCE73anS-gd0EKU&sz=w1000
283757164.jpg,https://drive.google.com/thumbnail?id=14ysy-Lb_-5o9TVUVp4mcbhTUbox-Lci0&sz=w1000
28318358.jpg,https://drive.google.com/thumbnail?id=1w547cSiG1zABiidqE7wWYUA-mWjWmtpc&sz=w1000
2822148499.jpg,https://drive.google.com/thumbnail?id=10uSJ1ArgeFg-5X3ad_sQjjGQVpP5NRDC&sz=w1000
2813033949.jpg,https://drive.google.com/thumbnail?id=1I8gKkeK7l1EHqmgyAiIktQnfESFq_d-M&sz=w1000
2807545270.jpg,https://drive.google.com/thumbnail?id=1PU70RCW-5Jb4OfgOb5GmVkS9iWuc0b8T&sz=w1000
2810456728.jpg,https://drive.google.com/thumbnail?id=1U0vfEbx2_n5X-4kx6BWwV9B_yc3zPRYR&sz=w1000
2821356536.jpg,https://drive.google.com/thumbnail?id=1Gzqkp7Jrmus1T62g_dilDU-GM5hVO6S-&sz=w1000
2813784259.jpg,https://drive.google.com/thumbnail?id=1e1kcOY_Ykepm_Sxetm8ahQDUZtDOuBMF&sz=w1000
279757732.jpg,https://drive.google.com/thumbnail?id=1oEexSB_w9ZQIkbHKo93b3R68GTVAbWb2&sz=w1000
2774362575.jpg,https://drive.google.com/thumbnail?id=1Ul-TKfTN9EXPg4LPpnHWaRYscaMROmUR&sz=w1000
2774554310.jpg,https://drive.google.com/thumbnail?id=1l8JG6sbYrwd_7io1rGCC5SA2l26ew1TW&sz=w1000
2780031669.jpg,https://drive.google.com/thumbnail?id=1heBV10xIKjTvkRJm2FhAdec83ttHiGiK&sz=w1000
2774504145.jpg,https://drive.google.com/thumbnail?id=1DbuD_AjrbjoJj-U2TwYNE0r0DAsSAZlX&sz=w1000
2774430374.jpg,https://drive.google.com/thumbnail?id=1VJBrtjfyPNzCl2iQKkJGgDUSxCeNaeEB&sz=w1000
2792254349.jpg,https://drive.google.com/thumbnail?id=1LSUknYWO4spNWIWwk9ZpWugTaB6eVu3b&sz=w1000
276699720.jpg,https://drive.google.com/thumbnail?id=1evDM0m05SGvVe32bO_IxabuOjr77oKhk&sz=w1000
2760560588.jpg,https://drive.google.com/thumbnail?id=1OoFDR7l8KBgIxPN190b-TexksaO3MZzU&sz=w1000
2763044275.jpg,https://drive.google.com/thumbnail?id=16jDoe6iccJGieGUZILedXYsF1Qy6-qnO&sz=w1000
2744690159.jpg,https://drive.google.com/thumbnail?id=1c_m8s7Tl4cTDM773FlKXZgypJOZXhqXU&sz=w1000
2744856447.jpg,https://drive.google.com/thumbnail?id=1akE99FFOqsiPed1XIpGeQsAv6UmAnGoY&sz=w1000
2736263067.jpg,https://drive.google.com/thumbnail?id=1iQMH3Q8ZOc_Zxaz5YkxNpElQf7rrWlJu&sz=w1000
2749124446.jpg,https://drive.google.com/thumbnail?id=1llGpv8EdlX-Apz6UELHEoqJtV1Bc9EjJ&sz=w1000
2726262796.jpg,https://drive.google.com/thumbnail?id=1XIpZN2IlvTr8M2hhLZwDhF2vzOh0ywvU&sz=w1000
2716267794.jpg,https://drive.google.com/thumbnail?id=1IDe7yDZ7WZZwtOC8GzeCEzkpYa7XjrRT&sz=w1000
2722956572.jpg,https://drive.google.com/thumbnail?id=1tICGjA_14aOH8Mm8jUHAmNP2OQBTxqwB&sz=w1000
2724379828.jpg,https://drive.google.com/thumbnail?id=1ALnLmGl2NvEas0Ekogn0M73-y8cW69gt&sz=w1000
2709695869.jpg,https://drive.google.com/thumbnail?id=1oX8ZRqAyfENT5sNhvBkLQp3QKyg70a1V&sz=w1000
2710563762.jpg,https://drive.google.com/thumbnail?id=1fg4WD03q3sMYI-AO-8txZ8nDNHE0hFUn&sz=w1000
2724761798.jpg,https://drive.google.com/thumbnail?id=1jmrvLpRG6S_iaIbMupzRZ74hd3srZIE2&sz=w1000
2710698257.jpg,https://drive.google.com/thumbnail?id=1oMQM7bWRE5TUZQvoXtIousEvFRSbjgQ0&sz=w1000
2705919158.jpg,https://drive.google.com/thumbnail?id=1NX6MmZRGd3K_Zw8PTwfkWhzwm0Ez4RmC&sz=w1000
2664870203.jpg,https://drive.google.com/thumbnail?id=1qEVHta9nmnJeNac8MVDbsod9NQEY8UFw&sz=w1000
2667080272.jpg,https://drive.google.com/thumbnail?id=10-2oAyAmIpFfM3G8PNgzJR-VDRcyWB4B&sz=w1000
2657990027.jpg,https://drive.google.com/thumbnail?id=19T5hWn8dDgBAn09eXr1y7uAC2WmRC7Kd&sz=w1000
265086707.jpg,https://drive.google.com/thumbnail?id=1071tWj1p4LQqrwXdGSTdB5y0lOvW4Ri4&sz=w1000
2653192579.jpg,https://drive.google.com/thumbnail?id=1_nn9ZB-ft2p0pROyAUDinBX_u-ywAC2V&sz=w1000
2662570182.jpg,https://drive.google.com/thumbnail?id=1PKgmXTbFl8qEcOL3vtJ-OAMVy0JhjGS5&sz=w1000
2657643451.jpg,https://drive.google.com/thumbnail?id=1wfvKmYrJWuz3e6-dTxef0a4LXJKMCz09&sz=w1000
2631392326.jpg,https://drive.google.com/thumbnail?id=1xqEmCTkEfgjQk73FWsbZAvCo5upWTjC4&sz=w1000
2634290212.jpg,https://drive.google.com/thumbnail?id=1Tem21_g6CmXUeGBOHBHxuHrUYRHv1rSo&sz=w1000
2638207727.jpg,https://drive.google.com/thumbnail?id=1gUTjfl8Jhlwt8l6gjHqfafmBAZ_IatRn&sz=w1000
2640101451.jpg,https://drive.google.com/thumbnail?id=1wwFV50iP6BMG07h8YLrnvnvS5JM680jQ&sz=w1000
2633082074.jpg,https://drive.google.com/thumbnail?id=1xf2qtyZdjZ1o-jInAfiF-ORZ0swNKyDg&sz=w1000
263024169.jpg,https://drive.google.com/thumbnail?id=1pM46XQQob3Sib4THy4Ek9kO1vmAi57m9&sz=w1000
2631353232.jpg,https://drive.google.com/thumbnail?id=1zZk1Pu5191QuRQs-IPAPJwlKVAnXqr4-&sz=w1000
2602215145.jpg,https://drive.google.com/thumbnail?id=1-8ICMGGnKM4iyr20m9MTPIV7Sp_VjVLB&sz=w1000
260628700.jpg,https://drive.google.com/thumbnail?id=1cZRVtivg1vJTWLSGM-ZojW22DUZ9ZHcq&sz=w1000
258489513.jpg,https://drive.google.com/thumbnail?id=10ewCXR6Bl2Il2IE_cIH0e09bEnZt99Y9&sz=w1000
2594902417.jpg,https://drive.google.com/thumbnail?id=1l9pv-7n4LblAWZulraLnihHBDtiqflUi&sz=w1000
2573811416.jpg,https://drive.google.com/thumbnail?id=1BcO7kv3pXbpkjodyCyx0XzmLKAF1JMig&sz=w1000
2584691004.jpg,https://drive.google.com/thumbnail?id=1UInI0BYNExPB5N_6jMqG78WC6cDgBNy5&sz=w1000
2589728235.jpg,https://drive.google.com/thumbnail?id=1Nh2D6yyQMLHRdesrFyhcBUm4S0NW6Yck&sz=w1000
2565350330.jpg,https://drive.google.com/thumbnail?id=1CSkWUj9hgcgUtzTwaoEGwlLOGyVZMp-E&sz=w1000
2557801204.jpg,https://drive.google.com/thumbnail?id=1JKcxpVohiRZcUuyxvIPJ6RVcnFWyXH9v&sz=w1000
2565733340.jpg,https://drive.google.com/thumbnail?id=1LJrmCsgGu78iPa1XxF44Ue_Wb5ng7avG&sz=w1000
256444892.jpg,https://drive.google.com/thumbnail?id=19COu_QnFoQwwM9qHuRIKULh6oMcQmftz&sz=w1000
256292144.jpg,https://drive.google.com/thumbnail?id=1hk7wcQ1ITy-rSGMwVQUeK1J1njMCKNJW&sz=w1000
2555536389.jpg,https://drive.google.com/thumbnail?id=1NsbS6inPfAGtZIESMoaPnyrepvvZUw5w&sz=w1000
2541485875.jpg,https://drive.google.com/thumbnail?id=1Wbeu5IveNzIvKvaLiwqq_Y3qz_ZMM3jo&sz=w1000
2548777800.jpg,https://drive.google.com/thumbnail?id=1IhLIlxTw9tvwjI5_8ByF5EVXH1rJ_P6j&sz=w1000
2537678956.jpg,https://drive.google.com/thumbnail?id=1a_V-2reyz2LCHB4jKfdE5iuV5lqO1_Ev&sz=w1000
2537824216.jpg,https://drive.google.com/thumbnail?id=1IPKNJmbrv9ojSqyRqfXNggAgj-le-UyB&sz=w1000
2545282421.jpg,https://drive.google.com/thumbnail?id=1bhCwtCvK9KrL595vECPYmboPMNT48VOg&sz=w1000
2536876757.jpg,https://drive.google.com/thumbnail?id=1jkn2VdRkAxDsBTUeJzTV5dMD4a4fhgtF&sz=w1000
2537002791.jpg,https://drive.google.com/thumbnail?id=10wH8kHreFQbPwSSHkG5eO3iQuzIYp7qc&sz=w1000
2537002791.jpg,https://drive.google.com/thumbnail?id=12tXhXPF5mQupQqeXzJfMzy_GnHVC4gkI&sz=w1000
2531924570.jpg,https://drive.google.com/thumbnail?id=1-j6XsUOjA4yYQ847onxGedNAaSN-3LDn&sz=w1000
2519183562.jpg,https://drive.google.com/thumbnail?id=1THpHK3Tl7oaLvrYBPslN9dBit55OFk_E&sz=w1000
2530468893.jpg,https://drive.google.com/thumbnail?id=1qy7f6bz2YGCMOFwKfsrO6suH_DaCXjeY&sz=w1000
2527411111.jpg,https://drive.google.com/thumbnail?id=1AhHFc-Wk0hc5aJKhIebLC3Zr1lp6qs4r&sz=w1000
2503989120.jpg,https://drive.google.com/thumbnail?id=1htSyBgvHeG6895NE_Wj2euLChD-0OMEo&sz=w1000
2491261614.jpg,https://drive.google.com/thumbnail?id=1CHw2zirWJteWXkdbQCSijxq-bOgQjQE4&sz=w1000
2494520404.jpg,https://drive.google.com/thumbnail?id=1W5UECWv3lckMofrlvu2UIiwdggS2AwwZ&sz=w1000
2465691083.jpg,https://drive.google.com/thumbnail?id=1ZU6rCydG5LOub0op_buICvWNLFOORdrw&sz=w1000
2470317702.jpg,https://drive.google.com/thumbnail?id=1JXSw_h0K76XAwXPxUth4svngoCcDT4lg&sz=w1000
2479162876.jpg,https://drive.google.com/thumbnail?id=1DSPsJVffgGGYdojvU2uEagSN_0nivUR-&sz=w1000
2479180530.jpg,https://drive.google.com/thumbnail?id=1x3W-7e-X-DZXqa_crJY578QbRnGPT4s1&sz=w1000
2468466969.jpg,https://drive.google.com/thumbnail?id=1kcjkFnQzV7uaj5phd-NNBRLa8mkosmhC&sz=w1000
248698033.jpg,https://drive.google.com/thumbnail?id=1-fQXum3HV3BGbaUG-qiJFqnzZBnEgKml&sz=w1000
245895500.jpg,https://drive.google.com/thumbnail?id=1wftLjnv5LKNX8tmYfXZdphto0vsTwF7U&sz=w1000
2462153092.jpg,https://drive.google.com/thumbnail?id=14O8SE8yqigq4Ai8Is2eTtUCy_le17ZkS&sz=w1000
245815603.jpg,https://drive.google.com/thumbnail?id=1-9J5KE-732yIaThMUn3A5rUqbqzl3UjS&sz=w1000
2463403123.jpg,https://drive.google.com/thumbnail?id=16FjjpST_cn1JtOZHaAfIMB25Ktkerz0l&sz=w1000
2445050754.jpg,https://drive.google.com/thumbnail?id=12j3MfDqHn9AwC9oNSglZ3wH-sV8wzhYI&sz=w1000
2430216444.jpg,https://drive.google.com/thumbnail?id=19tAHPb4L8332KBLRE5K-Mq3N_5F6JiM2&sz=w1000
2432061076.jpg,https://drive.google.com/thumbnail?id=18RjULiYKMtOvDv70MSf_sAjG02lZ-D2V&sz=w1000
2435486484.jpg,https://drive.google.com/thumbnail?id=1dteTqR_1q2KNSQ2ZdjvleOSNWvTGPcDG&sz=w1000
2436398074.jpg,https://drive.google.com/thumbnail?id=13beLM00QuAO6bx6Vb7dzM_35fqQ9VmH3&sz=w1000
2429978680.jpg,https://drive.google.com/thumbnail?id=148-goIVDMc6sqtGmbhaGYTmbF5Jef4nV&sz=w1000
2416964653.jpg,https://drive.google.com/thumbnail?id=1rzw0AtCBEM9GY-2j4vHydGB0gBVnsdr7&sz=w1000
241346794.jpg,https://drive.google.com/thumbnail?id=1WUdAEJ9T17I1xMiFVZlJG3I0JIDHg1T_&sz=w1000
241347760.jpg,https://drive.google.com/thumbnail?id=1L_Ayw_SJSzLa9qKTwIXlr-9wdvyfNKmg&sz=w1000
241346508.jpg,https://drive.google.com/thumbnail?id=1d7NZCpwc3OGIx1--QkYWCOIePCf_HwS2&sz=w1000
2381102729.jpg,https://drive.google.com/thumbnail?id=19qSjOB6scRTV7W4LfMnMFkewADfgtLNW&sz=w1000
2384550175.jpg,https://drive.google.com/thumbnail?id=1SXDFRN8uSZNuzhXrPxt_eS744WYJBk78&sz=w1000
2385522475.jpg,https://drive.google.com/thumbnail?id=1CTONsaMG0y5Ew6tB2FwoBNus7iMebx8U&sz=w1000
2390551509.jpg,https://drive.google.com/thumbnail?id=1IY0IidHOQVjLoDchdzCa7UX6TywTEe5r&sz=w1000
2393059551.jpg,https://drive.google.com/thumbnail?id=1zauHs4PldmwPSfb_8sQL4KrZFc0OIwrf&sz=w1000
2380093030.jpg,https://drive.google.com/thumbnail?id=1Tjrf-c6e0fhQeTIy1GgNCWaD9WAFkd1r&sz=w1000
2404520067.jpg,https://drive.google.com/thumbnail?id=1bi4Y4517vUEjEDPGcBuBae_tzeOSqjRZ&sz=w1000
2359100647.jpg,https://drive.google.com/thumbnail?id=1SkQaZq8r49GaaJiFvMwvEqxFD6Fw1hNV&sz=w1000
2374710187.jpg,https://drive.google.com/thumbnail?id=1IeuoDq8tqBBVf-qmMkJ_pPpIZqxizF4W&sz=w1000
235982200.jpg,https://drive.google.com/thumbnail?id=1Kg_a_gTPBBZsNwm66D5FqsAHtAybeoht&sz=w1000
2358877768.jpg,https://drive.google.com/thumbnail?id=1VUgGSWUyMKocADf-Yu12Wds9LhnmoeAI&sz=w1000
2368321486.jpg,https://drive.google.com/thumbnail?id=1OyWrC7m18-iVTCRvHST_LkfhF_64h9aj&sz=w1000
2360310311.jpg,https://drive.google.com/thumbnail?id=1ZcBuWG_MrJct_Cb1E_cP71oWzPyH-WNN&sz=w1000
2334045755.jpg,https://drive.google.com/thumbnail?id=1_oXlwUgy32c63X1F0x4AqpEVJjuqcr3U&sz=w1000
2344943371.jpg,https://drive.google.com/thumbnail?id=19AekYfzxtzsLdunpQie0k2aD0IlhJcXY&sz=w1000
2344898759.jpg,https://drive.google.com/thumbnail?id=1i8NRqDa64koa7ss6zcWk0k5ssudWV6kX&sz=w1000
2351479551.jpg,https://drive.google.com/thumbnail?id=1VZ5i6LupX7zytWN3yYFsIctckQbayvuW&sz=w1000
2320420111.jpg,https://drive.google.com/thumbnail?id=1iKs9s-2hZK05g9JIpn_Qq2NqMTLikUXf&sz=w1000
2324804923.jpg,https://drive.google.com/thumbnail?id=1UkYkuX_wGa6mpqcXn7tbY5Z2DXRg92n3&sz=w1000
2331539071.jpg,https://drive.google.com/thumbnail?id=1NZWL4auWCwAkqE-pNVgx1Xthdt1_sWEd&sz=w1000
2311690895.jpg,https://drive.google.com/thumbnail?id=1qnPpqalASAQuzcNrod7zUwuX8YuWRWAG&sz=w1000
2312746782.jpg,https://drive.google.com/thumbnail?id=1tP_IrBAfIGFyGMbo7K0DI5YeQ9ExZQuA&sz=w1000
2288315705.jpg,https://drive.google.com/thumbnail?id=1fEf2ouiHnOYTG6LMPWOkdzyu1XFLrfWy&sz=w1000
228947041.jpg,https://drive.google.com/thumbnail?id=1aDshloT3VLflj8qjbtc7KoYyKBpdEGa4&sz=w1000
2294598473.jpg,https://drive.google.com/thumbnail?id=1M2cQVV9jGrZN9PESUX8kbKOdA36JWfcY&sz=w1000
2287938451.jpg,https://drive.google.com/thumbnail?id=1eJuXd7fp4M2eTCdwJ9Vw5fnLCT8XKd9D&sz=w1000
2308029439.jpg,https://drive.google.com/thumbnail?id=1BEQbs1tN-yI97DbXdovp7_9zG1IoAxDD&sz=w1000
2272491304.jpg,https://drive.google.com/thumbnail?id=16-Ed5WRzrnbeCDdflO_Oan8Hb1eYKLrU&sz=w1000
226538968.jpg,https://drive.google.com/thumbnail?id=1kbKPwYh3sFgpUlUs9GTzqrzN2w7OecfL&sz=w1000
2278766574.jpg,https://drive.google.com/thumbnail?id=1780dK0EpBG-L1UoqxfkcWc8_-Ab_tHWv&sz=w1000
226659133.jpg,https://drive.google.com/thumbnail?id=1fGP4VYMlqW6pSKlJKXYSRNtGejUNj2OP&sz=w1000
2271468944.jpg,https://drive.google.com/thumbnail?id=15ciVPu9h4bXwhG17HKrYnht7VyNqkx1q&sz=w1000
227585300.jpg,https://drive.google.com/thumbnail?id=19OBRt_qiQRqRSW1HwAukEgg4_XTk-2hX&sz=w1000
2244594614.jpg,https://drive.google.com/thumbnail?id=1IKFqBPVMIf7FOUuPbgKNJNggRLa5DmAY&sz=w1000
2252403744.jpg,https://drive.google.com/thumbnail?id=1AJtHE5DpnE7UtBQcaLVBEyTD6EkkJglC&sz=w1000
2252722473.jpg,https://drive.google.com/thumbnail?id=1jpOsyvpYfsXWZerdLuFARMpMBwPo2ekc&sz=w1000
2253091968.jpg,https://drive.google.com/thumbnail?id=1DJWom6pgBRcalk_ORunTM9t5Mvzup-MI&sz=w1000
2241768909.jpg,https://drive.google.com/thumbnail?id=1oBKKzIqsddMSTNpXczuJkbTMPqse9kRb&sz=w1000
2248487950.jpg,https://drive.google.com/thumbnail?id=15yXFaiJ1JRtTkg5-28I9uJZVCOzueWMd&sz=w1000
225434569.jpg,https://drive.google.com/thumbnail?id=1FNWpioGJWteRtp4XekdGBHBQcXhnn59Q&sz=w1000
2230983294.jpg,https://drive.google.com/thumbnail?id=1QWdtz9RV6bWH5vEoDqjijvqIwFiTdUW_&sz=w1000
2232718966.jpg,https://drive.google.com/thumbnail?id=1-pmYY099wia9936mV_NY0FRsOnPM04fi&sz=w1000
2198494923.jpg,https://drive.google.com/thumbnail?id=1sPKbvG1h5zQkYoOwjLp2xydNmTPdHkgk&sz=w1000
2210054257.jpg,https://drive.google.com/thumbnail?id=1-TkBGxcgnoebJts2mWeA4WX4uAUjERRS&sz=w1000
2193223202.jpg,https://drive.google.com/thumbnail?id=1uZ-hqB7t_C-Hn9hvLMVHRsx9trg5wjPC&sz=w1000
2204695848.jpg,https://drive.google.com/thumbnail?id=1e6WiF8nn3p9Bz2o87aV29ThY02h5WNj4&sz=w1000
2213113526.jpg,https://drive.google.com/thumbnail?id=1YhoI1ukNiKi-n529-qcvqBhig_VryRtJ&sz=w1000
2173828253.jpg,https://drive.google.com/thumbnail?id=1sfzcW1BYtNuDPIiNADcNEbjVBBHDTB0F&sz=w1000
2162469360.jpg,https://drive.google.com/thumbnail?id=10qBewZragA4TnQbTt9y9Oy_8c5MXICNq&sz=w1000
218096711.jpg,https://drive.google.com/thumbnail?id=1Eafo2zOIeJfMAymsQJg_FYhs1wyK3cqO&sz=w1000
2158500020.jpg,https://drive.google.com/thumbnail?id=1R8QP8tUhigQVUEXbjKDp6xBHJI52pTsE&sz=w1000
2149968397.jpg,https://drive.google.com/thumbnail?id=1rw-u5DCF35tlxBoCdVFdG3CPGiFtccdw&sz=w1000
2137071442.jpg,https://drive.google.com/thumbnail?id=1S3FD-yUtbCMVRF8zW-kJkBGQEeKBg2Oh&sz=w1000
2136514643.jpg,https://drive.google.com/thumbnail?id=1xuIhJZjxH7YCLz79YtgI15GPgkNHd1hO&sz=w1000
2128309854.jpg,https://drive.google.com/thumbnail?id=1LvaZpVScBLaV2kF-WpwmRBQDWaEhsDq6&sz=w1000
213973239.jpg,https://drive.google.com/thumbnail?id=15xSGb1Gor1p6tmxbB4p3GJp4nk59hwPo&sz=w1000
2115849046.jpg,https://drive.google.com/thumbnail?id=1U29e6xAw7_UReCCJpnUpGKqHnU6xQ81R&sz=w1000
2098646162.jpg,https://drive.google.com/thumbnail?id=1mLVVDvYx0MMjGqNb9r8zvIkGYgfqDbXh&sz=w1000
2109370875.jpg,https://drive.google.com/thumbnail?id=1oYWeZ4O-2r_4ummBgC4NHpTgCNvYmMEO&sz=w1000
2109479807.jpg,https://drive.google.com/thumbnail?id=1EhyLLFAZQPq64SHMMAu35kLZNw4MFHI-&sz=w1000
2095478050.jpg,https://drive.google.com/thumbnail?id=1tJQUQop8PxxLsdkYdZtiVRjDZAw0fQhU&sz=w1000
2086532897.jpg,https://drive.google.com/thumbnail?id=1O1Hn296w546cUnPrBkZk16yaAR_TibYb&sz=w1000
2083778090.jpg,https://drive.google.com/thumbnail?id=1Mx7zSI2RuYFSAAm2YAd-8our7ViLLipq&sz=w1000
2084622444.jpg,https://drive.google.com/thumbnail?id=1l3MXbJt3qxNrn1na2qrBtIHqMJPCoEU7&sz=w1000
2085400856.jpg,https://drive.google.com/thumbnail?id=16RLvTpxjvaVm0aYEL6eX3o64jHT8sGZg&sz=w1000
2090387793.jpg,https://drive.google.com/thumbnail?id=1U_3nOIjlZNZNCe3u-HSpMBhDf2XLk1w2&sz=w1000
208471765.jpg,https://drive.google.com/thumbnail?id=1QymPuiPAUN5p6s0T85ky-1F4TNb8lw_s&sz=w1000
2088532947.jpg,https://drive.google.com/thumbnail?id=1NcTTong0UemtTw5Nfi6MvxBFOkUePmSZ&sz=w1000
2035902801.jpg,https://drive.google.com/thumbnail?id=1VAcWBeT60bs8D2LsGvqaqB6wXtqcXhsI&sz=w1000
2052202553.jpg,https://drive.google.com/thumbnail?id=1bIcVW_6Tlasel-j4SrCIuhRvMv1e0dgc&sz=w1000
20450474.jpg,https://drive.google.com/thumbnail?id=17Dng0JSH-tgzKZ-pittuvUn3BV0JTLia&sz=w1000
205038743.jpg,https://drive.google.com/thumbnail?id=1AzXJd-MwzzauEDWPBfPr5bSKzx7Ok0bs&sz=w1000
2043372516.jpg,https://drive.google.com/thumbnail?id=1ZTCQuGiYQO0TM02Ash4fWwzurU3KDFbe&sz=w1000
2047543321.jpg,https://drive.google.com/thumbnail?id=1qQp6xilSlNHbYy2eWJtGjMlEOTrH5gr0&sz=w1000
2022443431.jpg,https://drive.google.com/thumbnail?id=1ncPh0mPoo5TsIA_t5GU_aXxh2VJpHFQr&sz=w1000
194730600.jpg,https://drive.google.com/thumbnail?id=1T6KNu-GfsL2TW1ZpYaTy48SXCn-hxUjs&sz=w1000
189740668.jpg,https://drive.google.com/thumbnail?id=1K9yDSdAFqcvg1arSNViy_XtQqQcTh2Dj&sz=w1000
189244453.jpg,https://drive.google.com/thumbnail?id=1_RJqR57rH_vjYVmgpzzcFPf6afvRfwYp&sz=w1000
188576164.jpg,https://drive.google.com/thumbnail?id=1eThRmjF7PIxCWasF9IPwAjX9gHL0hCb-&sz=w1000
190638179.jpg,https://drive.google.com/thumbnail?id=1zWq010sP2gQ8180xHUD9NSFau7KvLl5m&sz=w1000
192309867.jpg,https://drive.google.com/thumbnail?id=1LXyUrnrKH_XZXNXlqio2Z2SJY1i3PsoU&sz=w1000
193945487.jpg,https://drive.google.com/thumbnail?id=1-fZuKzeidKv23TeDrKNzxmLbGR2F3a4o&sz=w1000
189519520.jpg,https://drive.google.com/thumbnail?id=1Se2oOvmuLlj0RX9xYz5IeojMVMySpDGD&sz=w1000
181618457.jpg,https://drive.google.com/thumbnail?id=1RtyNu9agoGe_XsEcMFqdat3_qxhRiPD7&sz=w1000
185905926.jpg,https://drive.google.com/thumbnail?id=1wYgDis5W7PasMjgqDmMK3Ro2eQMnKgjK&sz=w1000
180362693.jpg,https://drive.google.com/thumbnail?id=1KZ8rUlv7YGjEXh3JuD81-EYj1JhDa1k7&sz=w1000
181465013.jpg,https://drive.google.com/thumbnail?id=1egEcWAicBdCFvMDKD48fHc95X_pQIrFO&sz=w1000
1784309115.jpg,https://drive.google.com/thumbnail?id=1kE2K0u6QGbixsXiC5ItdcUafRlKyoABw&sz=w1000
178342849.jpg,https://drive.google.com/thumbnail?id=1zSXXMyK9IiA0twRyaXNatCB55IVrgcEO&sz=w1000
173170364.jpg,https://drive.google.com/thumbnail?id=1x9DMfXgRJpmerCKIYHKPLurRvVVdOrdM&sz=w1000
1786425974.jpg,https://drive.google.com/thumbnail?id=1-18mr968e3ASFSRRHYiH_9F0DB38kD3e&sz=w1000
180094434.jpg,https://drive.google.com/thumbnail?id=1VAU6ZJwJ0QaMbmGlfB9trzr8-6YikNYq&sz=w1000
1749235955.jpg,https://drive.google.com/thumbnail?id=1gUrniqOgOnsbFxTRAr6AxIS5MPBS9C9E&sz=w1000
1763754548.jpg,https://drive.google.com/thumbnail?id=1tLIjVli8eNI2OpuUslo0751YHsGQR4zb&sz=w1000
171133671.jpg,https://drive.google.com/thumbnail?id=1FrcybwCfvtdaKo8JiTziUjn1E0PvAAGe&sz=w1000
1687886596.jpg,https://drive.google.com/thumbnail?id=167mt2IWxih4f6vhInqAKLsfxJ9aKmAmP&sz=w1000
1673433891.jpg,https://drive.google.com/thumbnail?id=1G3setSKNkhlpfbRx52QJzoJBLzZaPYPG&sz=w1000
166774567.jpg,https://drive.google.com/thumbnail?id=17Ovl6s-ahkiuhxjBKESdAMwk99mWKE_t&sz=w1000
1683695914.jpg,https://drive.google.com/thumbnail?id=1KxxELuZaib7mhgjJAtPWklt0e2KLJKGU&sz=w1000
1693115528.jpg,https://drive.google.com/thumbnail?id=156WkmrTGye1e5qNhLPCE560TwUnY3nJE&sz=w1000
1679607622.jpg,https://drive.google.com/thumbnail?id=1o46vrzA6fwc55j6V_Mr7mitltB-6MO1a&sz=w1000
170405864.jpg,https://drive.google.com/thumbnail?id=1g39EREMEKL_vXFUfwhVPHIsx_Z200fqN&sz=w1000
17095593.jpg,https://drive.google.com/thumbnail?id=1MUf22zqWYAoQk8BG7SitetxS0NygLn9k&sz=w1000
1688699579.jpg,https://drive.google.com/thumbnail?id=1V5Do2hpXiBeR_PaNE2_TcK9DItcM38SM&sz=w1000
159845627.jpg,https://drive.google.com/thumbnail?id=1CBoJZvo2Vs1yLJGnzg8JZA08J3Pqi5e7&sz=w1000
1634058639.jpg,https://drive.google.com/thumbnail?id=15erQphIK8MuqeoMKtVRjtv0LHZLUIfQ-&sz=w1000
1598085252.jpg,https://drive.google.com/thumbnail?id=1qwVjiE-0vuRNolLUn6WHcdGPlzy-0rAL&sz=w1000
1509786421.jpg,https://drive.google.com/thumbnail?id=1hkQ4WUBAnOV5Q0and1WLUWONMdvXOdNo&sz=w1000
153963868.jpg,https://drive.google.com/thumbnail?id=1tfsMIgoRmZr4FmC0neI4T12an4WFJxHZ&sz=w1000
156021287.jpg,https://drive.google.com/thumbnail?id=1itXl3QV72A2AwTHlbYqNYtf17XMPxifX&sz=w1000
1563625080.jpg,https://drive.google.com/thumbnail?id=13qNGgiMojqlcyFIJdaVyervWOAoVdGTd&sz=w1000
1558277287.jpg,https://drive.google.com/thumbnail?id=15eAZblsiiN3dOiKJkjHL2TniIkW32IlG&sz=w1000
1517721825.jpg,https://drive.google.com/thumbnail?id=1s-mq-Q1e8E_iwJfZhZ1-BMxitDXog1US&sz=w1000
1552467862.jpg,https://drive.google.com/thumbnail?id=1pv2Mj54EcoQ2Iy_P_MxIRyjdiTShYmIV&sz=w1000
154656621.jpg,https://drive.google.com/thumbnail?id=1BImLY2Za6UXJRiR41tGooaUNqXg5EcG_&sz=w1000
1463638541.jpg,https://drive.google.com/thumbnail?id=1HJOTPomhCtgzSRU2rrR2Jou-hJg8NFMj&sz=w1000
1461886497.jpg,https://drive.google.com/thumbnail?id=11sABSngPd7G3dC0x-9m7PdIx7FB3tOBg&sz=w1000
1464745948.jpg,https://drive.google.com/thumbnail?id=11-dvlB8oim_E4KolDkxnVwh0e7yueprX&sz=w1000
1468429623.jpg,https://drive.google.com/thumbnail?id=1pqX1LijF1aYEcRLlZs_9QJK1s4m5CfsP&sz=w1000
1434128388.jpg,https://drive.google.com/thumbnail?id=1r1-RTnil0uNTMAcz6ZjuriuH_6TldUet&sz=w1000
142258955.jpg,https://drive.google.com/thumbnail?id=1gD88V_-Xrwano2lYFXswnT3LMAFHk1K2&sz=w1000
1435242484.jpg,https://drive.google.com/thumbnail?id=1ogFpNWdVNobdi1UGndzb8DPXd9512JEK&sz=w1000
1429383749.jpg,https://drive.google.com/thumbnail?id=1F7FeoF6Ni_ZnwSEStCMUsl-GdD_BgcgR&sz=w1000
1449692616.jpg,https://drive.google.com/thumbnail?id=1CKByfNp1GK8yni8KmYLUyYgiYpdyiKEZ&sz=w1000
1433154463.jpg,https://drive.google.com/thumbnail?id=1k_1P8NBMOswoXA2RQoxjozMCD8cEUi7r&sz=w1000
1429814475.jpg,https://drive.google.com/thumbnail?id=1mPFmBNB6XWybMD-7rzqlMnrXtiH6Q-vO&sz=w1000
1453011588.jpg,https://drive.google.com/thumbnail?id=1sn9fPEqZdrbu9fV8p179G16xo_FOV-0N&sz=w1000
1388970365.jpg,https://drive.google.com/thumbnail?id=14EhL_P8_9fNCnflsm_r8Z1U0YX-nz68O&sz=w1000
1409702228.jpg,https://drive.google.com/thumbnail?id=1Qki7M5qdwSr_l1Qa9HfkEHBlpLMSCNh2&sz=w1000
1390184143.jpg,https://drive.google.com/thumbnail?id=1A_7xCvwkQIYIPk4-aVTpbTDSzCRjYF-Y&sz=w1000
139765126.jpg,https://drive.google.com/thumbnail?id=1XCuCKrNuJFldQsB__z_aW-KUqJV9tN1T&sz=w1000
1394620454.jpg,https://drive.google.com/thumbnail?id=1VzMpLM6-WA3i2jIWWb4VbhCGxzTqXej9&sz=w1000
1402859872.jpg,https://drive.google.com/thumbnail?id=14TG-W-aMl_7LcsEryA78CpKaKH8X4eeL&sz=w1000
141066782.jpg,https://drive.google.com/thumbnail?id=1Qxi1JssyHvQWXdzFkdMIrzWG53wExbBl&sz=w1000
1408958345.jpg,https://drive.google.com/thumbnail?id=1M3g2Xb5nJdHtWkFUkmot0J_RfmucfINs&sz=w1000
138705546.jpg,https://drive.google.com/thumbnail?id=1btcArfrgcQD1SoqQ8OP791_CxzZOr7wn&sz=w1000
141736784.jpg,https://drive.google.com/thumbnail?id=18pibfvpUdzFfO-vHzmIFABch9UgIV1-R&sz=w1000
1390268323.jpg,https://drive.google.com/thumbnail?id=1qNTfE3rXIQcahduGvfWhimNDo-N2UET1&sz=w1000
1362128028.jpg,https://drive.google.com/thumbnail?id=1oIbZolPHimFUuMXTA3Ol3Izpqmy0q_QY&sz=w1000
135515207.jpg,https://drive.google.com/thumbnail?id=1MttOf_tdeiDAHOuGSlFCRxlKqmfXI-GI&sz=w1000
1348113612.jpg,https://drive.google.com/thumbnail?id=1tW7gneslwFD_uDbVRZC65gz3j1U3nXe7&sz=w1000
134747073.jpg,https://drive.google.com/thumbnail?id=1_nPMK72_qAafPm0CBYkE5hFDr69akiRI&sz=w1000
1338282180.jpg,https://drive.google.com/thumbnail?id=1lGlBNOZ6gljL7qa_fsihj5_yzVA4d1Yr&sz=w1000
1335519498.jpg,https://drive.google.com/thumbnail?id=1hX5ifXwFVRdnfPoH_5eO9BmXSXFqSmO0&sz=w1000
133031387.jpg,https://drive.google.com/thumbnail?id=1eYGzGCRHq8Xvj0NY8jx5i_TUJQKGZKXI&sz=w1000
1345907464.jpg,https://drive.google.com/thumbnail?id=1mtQA4k-grYoZovSJLiE_zhAQdCRW6jYq&sz=w1000
1334403090.jpg,https://drive.google.com/thumbnail?id=1ffDejyB4YEJc44_Pib9PAGLp1rqjoU9k&sz=w1000
1337792872.jpg,https://drive.google.com/thumbnail?id=1WewxokCGso4klwqgkuh-N0qpmPsG4NXM&sz=w1000
1318903794.jpg,https://drive.google.com/thumbnail?id=1nCaq3wbRzzfC5BUp1rKuadGgij7QRdH3&sz=w1000
1312227131.jpg,https://drive.google.com/thumbnail?id=1Orqj9lIwCTe7dw0hGX5P7dEFQmr6nOFm&sz=w1000
130508055.jpg,https://drive.google.com/thumbnail?id=1AyjS3rHlSBHC4IN8txkinA_E_tpLuPt5&sz=w1000
129599450.jpg,https://drive.google.com/thumbnail?id=1h3Tku4CqRpUk6IiBFC057m2IZaKu-ykf&sz=w1000
1277949368.jpg,https://drive.google.com/thumbnail?id=1MgLFi4PQGU6FRq3qcixCWa0PR1DGy6Ev&sz=w1000
127488876.jpg,https://drive.google.com/thumbnail?id=1eeg1tPOl9AnjRa0DU1x4sTbCfT5Pc71O&sz=w1000
1251716308.jpg,https://drive.google.com/thumbnail?id=1iVWS5KohSwUzzVf3XnZ1XJ5joLBjoGV-&sz=w1000
1222063706.jpg,https://drive.google.com/thumbnail?id=1Z9RnOJRk5bJREAB4rREFiGO4guBdiGQn&sz=w1000
122156386.jpg,https://drive.google.com/thumbnail?id=1VKkWxetaksx9_QV4OvZaDae28_2N3GmU&sz=w1000
1193547352.jpg,https://drive.google.com/thumbnail?id=1gP-InXiwe6Bp3oInY2_r6oqDwaA--lUV&sz=w1000
118897631.jpg,https://drive.google.com/thumbnail?id=1gdUx9LA4uswsE7hGcGizAkneSorCpfTG&sz=w1000
1187435567.jpg,https://drive.google.com/thumbnail?id=1tKQNvCDX8PCdg_cce2p-MGTQNEOVoCHJ&sz=w1000
1187077747.jpg,https://drive.google.com/thumbnail?id=1aRuKS2GmyrZwXvH3GO-LcX1QG2qB9pcN&sz=w1000
117883760.jpg,https://drive.google.com/thumbnail?id=1y_MfBk1MRvmu9xtCFhnRVrcpjr3_YFi1&sz=w1000
116457850.jpg,https://drive.google.com/thumbnail?id=1XEaW-5cQeoKJzHVWRwQmrkFrWKqztHuu&sz=w1000
1159381599.jpg,https://drive.google.com/thumbnail?id=1LCoxW-u9XVNAnDt8Qq79YaXAIyudXq2d&sz=w1000
116002648.jpg,https://drive.google.com/thumbnail?id=1Cz5_WX8YOpa1yRfzVCa0sDrLyJpPTJKN&sz=w1000
11391827.jpg,https://drive.google.com/thumbnail?id=1t6jGfAikfq7MU1MiHiKWwY1XIk160AWu&sz=w1000
1122579380.jpg,https://drive.google.com/thumbnail?id=1ocy-IJGtONAxUKuRF_kusoasAH-c2j8h&sz=w1000
1131155939.jpg,https://drive.google.com/thumbnail?id=1lWpBLcUWSnte6WGNhhQ4iOgwuaGIcR3u&sz=w1000
111069375.jpg,https://drive.google.com/thumbnail?id=1JvFCh5yLI6_i3wC_xIYrOTOT2tm4pg6N&sz=w1000
11079715.jpg,https://drive.google.com/thumbnail?id=1u0VNgsPf8GB5YrApN2-9r-LUjQbV7c0Y&sz=w1000
110820212.jpg,https://drive.google.com/thumbnail?id=1qXMBVkQUluLpP8KObYl5K3NN0wEIRCgI&sz=w1000
109083036.jpg,https://drive.google.com/thumbnail?id=1_Q2HM9122te7ktcWDpRvoRuVqSyEfx3e&sz=w1000
1056873310.jpg,https://drive.google.com/thumbnail?id=1tC-Qbq4m6605FRiauaJPQAHg34QD2qhZ&sz=w1000
1026792563.jpg,https://drive.google.com/thumbnail?id=1nCuKv8WksYRRaU_SkRD-FYtZMaG_MRpE&sz=w1000
1018148011.jpg,https://drive.google.com/thumbnail?id=1O7MLTD-xyPl4XpWiosl0SfUcYL1_FCOK&sz=w1000
