997722733.jpg,https://drive.google.com/thumbnail?id=1zAGMGWhRnZC0dOVyhXF1vwT3Vw0N5JGQ&sz=w1000
98885561.jpg,https://drive.google.com/thumbnail?id=1U6dN6uNMsKYRvm0d9EG5IJlrHfZNyn3Y&sz=w1000
989754491.jpg,https://drive.google.com/thumbnail?id=1x7ZPBbeqAvrQ6woulB27jY5DGRZMhIDV&sz=w1000
9556225.jpg,https://drive.google.com/thumbnail?id=1UydclkZL0iYObldDuD6_hdAgDswaZDW7&sz=w1000
96669857.jpg,https://drive.google.com/thumbnail?id=1SkQNq_0AoeSWsB1LdhyI_qYjaif8o_PP&sz=w1000
974924582.jpg,https://drive.google.com/thumbnail?id=1QDMl5feJu2SHBWGwjjXvMcFulFnh9MUS&sz=w1000
95151149.jpg,https://drive.google.com/thumbnail?id=1i3S2QjVfhhmgegFmbqvwh8jEbAlw_wWe&sz=w1000
980090465.jpg,https://drive.google.com/thumbnail?id=1jg5TRVf0efpt_GChWAKxkczA0RmP_zMN&sz=w1000
964197865.jpg,https://drive.google.com/thumbnail?id=1LhtHWk89WN2uAMeFZJYiFzr-WW0W1nkX&sz=w1000
957585444.jpg,https://drive.google.com/thumbnail?id=1Ph0uf3jfSH56p5opLZKheCYLmw7PmxX-&sz=w1000
873650807.jpg,https://drive.google.com/thumbnail?id=1U0AKGkqaAXVCTHCb7NC-yRspaIORQQ1q&sz=w1000
921190481.jpg,https://drive.google.com/thumbnail?id=17g_K0N9-beo5UxVAcheYQHUke5WUi7JX&sz=w1000
86289690.jpg,https://drive.google.com/thumbnail?id=1RiF9pNyP7s_zlD6-O2e_P3MmUKgJ6q-3&sz=w1000
880220939.jpg,https://drive.google.com/thumbnail?id=10NKqHH2rcnBUmpe391Autg17oO0eIkTN&sz=w1000
89404014.jpg,https://drive.google.com/thumbnail?id=1sgFk7I1CaM9SU1PpflD1g8zobpPAz5ZM&sz=w1000
87877338.jpg,https://drive.google.com/thumbnail?id=19RafOnlqNZW_dPcEArX540TWOmkJjJ3c&sz=w1000
85600252.jpg,https://drive.google.com/thumbnail?id=1Jf54Uq2j9uSoXjJ8OD4M0Yc2wV6vjftE&sz=w1000
854749.jpg,https://drive.google.com/thumbnail?id=1QnODnSQxWDZGo40MZlVm5ENUAcrKq-r4&sz=w1000
811662356.jpg,https://drive.google.com/thumbnail?id=1nlsKxXstJSkE5Uf11QEyKAhUQ94Y-rht&sz=w1000
80143638.jpg,https://drive.google.com/thumbnail?id=1vT63a4Vutm5pidYUGjCkhtpQI-e86hg4&sz=w1000
8013541498.jpg,https://drive.google.com/thumbnail?id=1nj-hPd8X8w0JaTCn4f2n8K5zQR6rsY_A&sz=w1000
8081616464.jpg,https://drive.google.com/thumbnail?id=1u8shELkPQnsNDJMhCS59TKCfSmay_Y_O&sz=w1000
78984436.jpg,https://drive.google.com/thumbnail?id=1NCOto_eLVzHcn-QssYtjqExu62wKpOqH&sz=w1000
7992914279.jpg,https://drive.google.com/thumbnail?id=1EY46eC5whqRdgms8Icabrm5RgrSV0rjO&sz=w1000
7966150796.jpg,https://drive.google.com/thumbnail?id=1TJQ7C4hZrRAH_T_fXgnGq1saWN5VMFTk&sz=w1000
7940321892.jpg,https://drive.google.com/thumbnail?id=1BI_8XiWFKHnOPsqnr42Hcvq2obwlSZqT&sz=w1000
7986651427.jpg,https://drive.google.com/thumbnail?id=1jJjUn90Gayj4yHY4o061BUbfTVNii40u&sz=w1000
7849579912.jpg,https://drive.google.com/thumbnail?id=16YhvAMGRUaVTGrMIDB_K1wzXuux_TRqZ&sz=w1000
7763558408.jpg,https://drive.google.com/thumbnail?id=1mQ7MdtXEFolfjig8ZjsuvHwkzyIGUv8N&sz=w1000
7764482932.jpg,https://drive.google.com/thumbnail?id=18TdWZoFdcwIQ-5Pf04p8vHR8uSOztLfJ&sz=w1000
78308597.jpg,https://drive.google.com/thumbnail?id=10Z_mBLAFPqNif0W6sUpUho65GLK_oHD2&sz=w1000
78058719.jpg,https://drive.google.com/thumbnail?id=1TRUeTTV-oSyudc-qqIoseF6b408DYdd0&sz=w1000
7773468788.jpg,https://drive.google.com/thumbnail?id=1vR6Dw5yOGhoMQxH-0kxLMVaR8dRHEcrC&sz=w1000
7754828606.jpg,https://drive.google.com/thumbnail?id=1RVtuGiBuy60TergUHGEsgB9S10X9NPRc&sz=w1000
7814014742.jpg,https://drive.google.com/thumbnail?id=1DbHvXxQXxI28Kob3F3P1XoDY9UYVlomg&sz=w1000
7716888988.jpg,https://drive.google.com/thumbnail?id=1W6y-MUm1tmSRJR6n_H_0YuxIzwxoQzL9&sz=w1000
7664119606.jpg,https://drive.google.com/thumbnail?id=1GeMknmddglwJ_Szi8W0b7xow0Kvpeake&sz=w1000
7690466712.jpg,https://drive.google.com/thumbnail?id=1b7Bg9d1mAfkz2LU-xmOzvBGIVtdO8QVb&sz=w1000
7742495752.jpg,https://drive.google.com/thumbnail?id=1ThbX0YkcB5j4w79tP9F1-x_2IUTShR-8&sz=w1000
7700078440.jpg,https://drive.google.com/thumbnail?id=1KC-dZA5MIvHoWG43lMtRUNPWEzb8LZUI&sz=w1000
7664337844.jpg,https://drive.google.com/thumbnail?id=1oJpZBDfwy6QWKtXoxoDc8u7ETa71MruJ&sz=w1000
762678729.jpg,https://drive.google.com/thumbnail?id=1ASaAhA9iYIDtVjexd2P6fVE4YPbbNS69&sz=w1000
7602525254.jpg,https://drive.google.com/thumbnail?id=1_w-jNgbGp9Su6Oph5Fy7h9tbHCs52Fri&sz=w1000
7556970798.jpg,https://drive.google.com/thumbnail?id=1nkgtMf0eFKmYHEDd762zbRbR0zQ3SbQU&sz=w1000
7503647902.jpg,https://drive.google.com/thumbnail?id=1-qOYSpvd4qubE9EQ9qPbZrQ2VNUXrLrz&sz=w1000
7355163918.jpg,https://drive.google.com/thumbnail?id=1eewV1uX57y33EG7RWr9hK5or69t-DdhD&sz=w1000
73233864.jpg,https://drive.google.com/thumbnail?id=1Zx8dIijd8enJGv1optice9CGMwdB_2tj&sz=w1000
7363849060.jpg,https://drive.google.com/thumbnail?id=1xCe5hIRyabiqtjVGTbIzo9NQ3L1QjKOR&sz=w1000
7300424828.jpg,https://drive.google.com/thumbnail?id=1t0vXZ2xvhM4IN-irvBpti0zoxS33cQNC&sz=w1000
730414057.jpg,https://drive.google.com/thumbnail?id=1ExTIb44Abrg3YAoVckUfLfNHrCoQP-p3&sz=w1000
7324774408.jpg,https://drive.google.com/thumbnail?id=10aJqHY7NB3S4vl2FskSdZfDjhaKG5p1V&sz=w1000
7396385574.jpg,https://drive.google.com/thumbnail?id=1juuKvaYabNsAzh_PzltE0TK_QtHkM0ec&sz=w1000
72940708.jpg,https://drive.google.com/thumbnail?id=1RQPQz2r1llbS-YbiuZQQCjuul18w_RKo&sz=w1000
7249185350.jpg,https://drive.google.com/thumbnail?id=1FaKL_lBADR6VZqpjSA4dguyY5GsRI-Z3&sz=w1000
7239534164.jpg,https://drive.google.com/thumbnail?id=1alx4kpxp_rdouTWktqM7StZUbRMd9iJj&sz=w1000
720208977.jpg,https://drive.google.com/thumbnail?id=1d7rDfLrxIAm27ZhX0bUfgi6-zWiyiHaG&sz=w1000
7197722562.jpg,https://drive.google.com/thumbnail?id=14SZHmmTBJmelYkIdWrPN4iX9veD7RiYu&sz=w1000
7271916272.jpg,https://drive.google.com/thumbnail?id=1DepVfR2m6Ma0i0dfZOKMbG2T1P9bKwHm&sz=w1000
7232862442.jpg,https://drive.google.com/thumbnail?id=1u9Q_q7pbYpjzU-32cEhI-9Mdw0a_wFna&sz=w1000
7232710570.jpg,https://drive.google.com/thumbnail?id=1aRdsZgtg3u2A5j7P5vCILepJO2STc0C8&sz=w1000
7162685234.jpg,https://drive.google.com/thumbnail?id=1v2HGTm2O1oG9IrxoneVhPVSyVUfHIorA&sz=w1000
7157813418.jpg,https://drive.google.com/thumbnail?id=1ml9_HU5sqfOHaoT1P7mIVXUEufYrJqzE&sz=w1000
7105973793.jpg,https://drive.google.com/thumbnail?id=144FAr-baC0-iISD1rItOr8VbudDUpPPC&sz=w1000
71406758.jpg,https://drive.google.com/thumbnail?id=1oxQVJEE-jMsoVlf15-RSWxBbShRra8hz&sz=w1000
7099368287.jpg,https://drive.google.com/thumbnail?id=1xC9Ag_AvybuNj3TsKtPqMy60KU0dBNzt&sz=w1000
707941195.jpg,https://drive.google.com/thumbnail?id=11M-pZ7DR4Ra7_ypeGYL7qGUpbnTER1hm&sz=w1000
7168425380.jpg,https://drive.google.com/thumbnail?id=1JNIl4RvrkttPjwxBvjCQJQbjj-8jiv2E&sz=w1000
7118830527.jpg,https://drive.google.com/thumbnail?id=1kxoxH0cvHY9JoM7-br77g-tMNWUuy70j&sz=w1000
7006590104.jpg,https://drive.google.com/thumbnail?id=1X2qbYes-5mcsgHvnClsHCbGB8B2wfXyK&sz=w1000
6973706961.jpg,https://drive.google.com/thumbnail?id=17QEWIN3XAAWdLcjY5goJ3nHBmGQMS76j&sz=w1000
7007309854.jpg,https://drive.google.com/thumbnail?id=1wPwIfkZckiwoCy2gNXDVSDMKvdQGApH4&sz=w1000
697582336.jpg,https://drive.google.com/thumbnail?id=1_SVScGvTN8vosTL8798Y0tPFLTZWwX4P&sz=w1000
6968761623.jpg,https://drive.google.com/thumbnail?id=1BppJIMS93S7kIHop3kqj3ymTshY2z02X&sz=w1000
6917596231.jpg,https://drive.google.com/thumbnail?id=1Spr1bxXWydCwPOONfvKlUO91FoaOYmkm&sz=w1000
6937493125.jpg,https://drive.google.com/thumbnail?id=1gUn83OjQkuVJaN9mAwOAajvZV_7HVrV8&sz=w1000
6956952881.jpg,https://drive.google.com/thumbnail?id=14VL2PiSktVghEMa2lXZRz_BRN_SlZ-m4&sz=w1000
6945520856.jpg,https://drive.google.com/thumbnail?id=1FjJVE2_FRLNKfwLe9wtSuAiZveT0uqhR&sz=w1000
6919935331.jpg,https://drive.google.com/thumbnail?id=1JlVippojebnWejqU3XI95AArshI9uaz-&sz=w1000
6967649046.jpg,https://drive.google.com/thumbnail?id=1-OfTkF-Fq34mk6Lz-bpiDLZFIEoc5QUX&sz=w1000
6892084963.jpg,https://drive.google.com/thumbnail?id=1DDDq_X_XuDyT8iuiYIzxRsdP0Q3McM0H&sz=w1000
6881071903.jpg,https://drive.google.com/thumbnail?id=1NfjG6mtJNFQbR76eu9maGYzJ0ClZsMbT&sz=w1000
6874319721.jpg,https://drive.google.com/thumbnail?id=1f5-zJirvFJS8Y6mnA7d71a3LpmojEgAL&sz=w1000
6854823446.jpg,https://drive.google.com/thumbnail?id=1asMa2GnwYZIZB1KsZJ9Urjb0_qIISO0B&sz=w1000
68647249.jpg,https://drive.google.com/thumbnail?id=13PvlI544qHo40Pa-j4VzaRdT6y4Y-6e7&sz=w1000
6857646118.jpg,https://drive.google.com/thumbnail?id=12wYeIH6LNl34I9DfHdU8jVKGrDOZTz8m&sz=w1000
6864661881.jpg,https://drive.google.com/thumbnail?id=1I5mMPMnKQayCmXGT6BaQLB40mdzb6tTf&sz=w1000
6878448810.jpg,https://drive.google.com/thumbnail?id=16Z09qllTmFGwBOwKK7Z1rWTYj4g0jYOY&sz=w1000
6797626960.jpg,https://drive.google.com/thumbnail?id=1LEgVh0W_fYr-Jukf3vJreD2ZyviX_men&sz=w1000
6848901185.jpg,https://drive.google.com/thumbnail?id=1HXdi0MgLakwVN_X5bUlzilKaewAltLEM&sz=w1000
6775386430.jpg,https://drive.google.com/thumbnail?id=1f67z5K1LxapB7sj9V7ceozKOJTQyQ3FL&sz=w1000
6828084858.jpg,https://drive.google.com/thumbnail?id=1ouPjEEzKlMKEu1EtcXNN5QbOdx0RfMAU&sz=w1000
6818145388.jpg,https://drive.google.com/thumbnail?id=1E0HLkimyFWOuUpF1aDuJ_9uM534afNW4&sz=w1000
6647904677.jpg,https://drive.google.com/thumbnail?id=17GnxYxlvOrtVkEoqmqKmSuY_RmerAN4I&sz=w1000
67537437.jpg,https://drive.google.com/thumbnail?id=1yhmTIZHNmUp9MRi-EvBIK1g4cOM5tl4F&sz=w1000
6664030.jpg,https://drive.google.com/thumbnail?id=1doXmjW1FYA4ibQGPZLj6H1fwdWudmCP-&sz=w1000
664341930.jpg,https://drive.google.com/thumbnail?id=13sc3hsaJvghmd91DYaP2fjPavLH37gxI&sz=w1000
65852625.jpg,https://drive.google.com/thumbnail?id=1d986ogpt3UW9V5E4fpCHyMfoZIF__-uj&sz=w1000
6489895665.jpg,https://drive.google.com/thumbnail?id=1QqUPx7j3bS7HrNB5NYxYM1E7pa4LOPY4&sz=w1000
65845721.jpg,https://drive.google.com/thumbnail?id=1iOEKIxsBJDSihQcRPYeCqqVpPl8FBI6U&sz=w1000
6563230815.jpg,https://drive.google.com/thumbnail?id=1dMm-Bc-WL_GfozvLfrh_hZCIUcK1cLR6&sz=w1000
6491272997.jpg,https://drive.google.com/thumbnail?id=1wqGPjFNuQKT9MnRksyMnFD-RJaGOfjbU&sz=w1000
6348201976.jpg,https://drive.google.com/thumbnail?id=1IhCeBvbBYmGYStY0b3XRNR0gFFm0mxBJ&sz=w1000
6387209003.jpg,https://drive.google.com/thumbnail?id=10e7r79orFr0b9kRocH7gt35OxUZtuW99&sz=w1000
6386728329.jpg,https://drive.google.com/thumbnail?id=1VUG3zmktjmpEGxZX4TWrC1vFFMcBshsp&sz=w1000
6353804663.jpg,https://drive.google.com/thumbnail?id=10TKbO3lW_Id2QE_gGy3WGIg-tjJRATYv&sz=w1000
6296342997.jpg,https://drive.google.com/thumbnail?id=1VYXxkmi9lFsE-LpnZDNdsV2pGmEnDLk7&sz=w1000
6295775965.jpg,https://drive.google.com/thumbnail?id=1cvo7piMV87W1GezGQUept0YAQbXbNWwM&sz=w1000
6317293855.jpg,https://drive.google.com/thumbnail?id=17keyEah9LfBz-Ekac-gG-zkyS7SaYb5m&sz=w1000
6334398206.jpg,https://drive.google.com/thumbnail?id=1SDKmAyiGxc1K-2yYLZpltEmBE3jX2rNf&sz=w1000
6287059051.jpg,https://drive.google.com/thumbnail?id=1efHqypQTwBciRDr2COepb66nbLDR9-oC&sz=w1000
63110923.jpg,https://drive.google.com/thumbnail?id=1BKUcjXETQ4mXetOP11CfpUbsMXnsa1Qu&sz=w1000
6303698580.jpg,https://drive.google.com/thumbnail?id=1p5aJR2gLj9My12UPxtaWcSsgcu2P3jnE&sz=w1000
6207347056.jpg,https://drive.google.com/thumbnail?id=1vTZC0LslK4I1lpvkmqPrEXH29VS823di&sz=w1000
6276165800.jpg,https://drive.google.com/thumbnail?id=1xyWctfCunx-zoz6zuENOUJ31Ks7Rflk8&sz=w1000
6226359268.jpg,https://drive.google.com/thumbnail?id=1na_kkS0aL8r-4AE57YN_op9-Hf5zW-2Q&sz=w1000
6218407324.jpg,https://drive.google.com/thumbnail?id=12qKEWaUAncIwrlxoGV2U_V65zA9o3aAG&sz=w1000
6254643279.jpg,https://drive.google.com/thumbnail?id=1eR-lIiKDKHKndMw1p5LFPq58Z3nAY75A&sz=w1000
6199648902.jpg,https://drive.google.com/thumbnail?id=11fvO7lq-6znBAjphbzt3i8kLCYOD6Aef&sz=w1000
6177158223.jpg,https://drive.google.com/thumbnail?id=1AAUmyym2YVAi1TfQ8S0PQEWzj9sJ3zku&sz=w1000
6146405403.jpg,https://drive.google.com/thumbnail?id=1N9Ihqh3whGGVmfo8cGSAtJMPBvjnygQj&sz=w1000
6187926673.jpg,https://drive.google.com/thumbnail?id=1zSjpPtTPNk3H1J97iEOWumqH5zWB3sJQ&sz=w1000
6137946415.jpg,https://drive.google.com/thumbnail?id=100OyZZQcTQUBla2tQxIigUsMJ9zOlK8F&sz=w1000
6063730184.jpg,https://drive.google.com/thumbnail?id=1tqNAWLzPd22eTaOGTxuuJW6ejv-CgcrW&sz=w1000
5988551357.jpg,https://drive.google.com/thumbnail?id=1WFgYx49VWj8EyZZyZgeu8FLVE6xv9PII&sz=w1000
6043589490.jpg,https://drive.google.com/thumbnail?id=1bL7vi9_aWaA2WzjdvEpzO_1hjWBtzszR&sz=w1000
6005939764.jpg,https://drive.google.com/thumbnail?id=11BZiEZ9jnH7Q3heD0220yafDQwQKG4Sb&sz=w1000
5990016378.jpg,https://drive.google.com/thumbnail?id=1DFT9vqln7Bmczgk4DvpgzCCT4DKRzxCd&sz=w1000
5903521315.jpg,https://drive.google.com/thumbnail?id=1X-c_SpMFqMrYtm8hqLQ7NA9oE84hIzWZ&sz=w1000
5903528077.jpg,https://drive.google.com/thumbnail?id=1L9TGtp6bJJt_tCENeq-Qb0BFbQnhA89q&sz=w1000
5938205507.jpg,https://drive.google.com/thumbnail?id=1_5ECRuL6XE5ZifC1Uy_ah7LkFbS_0ibj&sz=w1000
5949695639.jpg,https://drive.google.com/thumbnail?id=1s3d80m16u1L1OANwP_bxvZLWli9_sREp&sz=w1000
5903545909.jpg,https://drive.google.com/thumbnail?id=1w-21UmbHTHCGTyy_pB81FagZrnuLB5i_&sz=w1000
5920741851.jpg,https://drive.google.com/thumbnail?id=1h5fMZMC8Vd5oMy5fBRaytvHVNyQRrZuI&sz=w1000
5936844453.jpg,https://drive.google.com/thumbnail?id=1oLYJqGRX8SHR6dcXMDuLEf8WVPNyEELi&sz=w1000
5931039781.jpg,https://drive.google.com/thumbnail?id=1X-9IzIHGJ0kgJaA1U9Jc2clJlFX9dcJK&sz=w1000
5871124252.jpg,https://drive.google.com/thumbnail?id=1HKHzicfL-cMyaKnPi5tiEW9IFlVdCofe&sz=w1000
58867718.jpg,https://drive.google.com/thumbnail?id=1jHyQCcslFFyuk2ff-X3BGFeEEMV-HNIS&sz=w1000
5847006092.jpg,https://drive.google.com/thumbnail?id=19QgV2nH_J94WgNnddn3xYg6_Wv5cBoMp&sz=w1000
5748024681.jpg,https://drive.google.com/thumbnail?id=1S23VPQr5BiNbZvGj47MMZ1U1BZtkfBfv&sz=w1000
5787072819.jpg,https://drive.google.com/thumbnail?id=1YRur3LjDlw9egIh4fGl9P54vtEjN3Y6n&sz=w1000
571612606.jpg,https://drive.google.com/thumbnail?id=1E3ch73l1-wYTTPLN43DBMGe0cAH6B87u&sz=w1000
5745422329.jpg,https://drive.google.com/thumbnail?id=1aHuSCJRX791hvyDC3W3ayNsVnChSv732&sz=w1000
57417224.jpg,https://drive.google.com/thumbnail?id=10FZ0g1elE73n7A7z2D4Pw7M8F6uiKBmF&sz=w1000
5716554915.jpg,https://drive.google.com/thumbnail?id=11ZVkq-4sDEmXE_d_FD3bjqtX67oWXogy&sz=w1000
560671767.jpg,https://drive.google.com/thumbnail?id=16CRuyR-KmdcBdZ7cLyLcT7-Q7vdxsY2d&sz=w1000
555378351.jpg,https://drive.google.com/thumbnail?id=1bFB53A1rz_nQZr776ecbR6ijOq5Wis0y&sz=w1000
5573511334.jpg,https://drive.google.com/thumbnail?id=1VrHQtN6WCuu9gPcMN4bFQGX6_frxSk8I&sz=w1000
558161347.jpg,https://drive.google.com/thumbnail?id=19cjI1RgjX5Jbz8Z6VSYE0pmzM241p_t_&sz=w1000
558338473.jpg,https://drive.google.com/thumbnail?id=19pgrWBFlBpy_qqKCTqCe9TliHISN1rBE&sz=w1000
5597911580.jpg,https://drive.google.com/thumbnail?id=1_KNa_7TtY203B86sGbqDVMIxAe6yQMgH&sz=w1000
5511460259.jpg,https://drive.google.com/thumbnail?id=1t43K9EVSDlga1nPGOHRVNmeBU6yTn_KB&sz=w1000
5452434213.jpg,https://drive.google.com/thumbnail?id=1OzhIaBSzxB8exjuZIsWOAsRzgiE6O4X8&sz=w1000
5504963988.jpg,https://drive.google.com/thumbnail?id=1ErlmFmm6FVqfvIY2YJoYfBaaVbkckZyr&sz=w1000
5442112383.jpg,https://drive.google.com/thumbnail?id=126NbyFnPggy-AbRp-PVywKVICH7fxWU5&sz=w1000
5491402223.jpg,https://drive.google.com/thumbnail?id=1dBvLia02V8jDQZHwHeSIqZzZiqxor9ZN&sz=w1000
5389294129.jpg,https://drive.google.com/thumbnail?id=1LGWsGxsTv6Vn2kj2HQakxPo05B_3v-Zb&sz=w1000
543712974.jpg,https://drive.google.com/thumbnail?id=1Pkx7y6b-nWXbZKQGu7GGrDIvkQbhxllK&sz=w1000
54260190.jpg,https://drive.google.com/thumbnail?id=1KrzaaxNCav-M_FDpxPeYOpouQ1mgxzf5&sz=w1000
5412119890.jpg,https://drive.google.com/thumbnail?id=1g3cFkz1ny-FiobJjddIuxV12P6_OLLl3&sz=w1000
539871204.jpg,https://drive.google.com/thumbnail?id=1HQQIPLsP_K6pXSB_1Y2GYAJFdl0AHUWQ&sz=w1000
5415557808.jpg,https://drive.google.com/thumbnail?id=12p_U9jiu4tmIySVL3WZwy28DHMHUYod4&sz=w1000
5397926630.jpg,https://drive.google.com/thumbnail?id=1TuNicAx5gqtCNSQ43y0I1NNa5EnJZzL7&sz=w1000
5337563702.jpg,https://drive.google.com/thumbnail?id=1UdjIwhiMJwUlahKCidiDFj8dFWBD7kKw&sz=w1000
534153791.jpg,https://drive.google.com/thumbnail?id=156NxtGr8tacR50KSIzlz7UPVbzGge1Ek&sz=w1000
5340639100.jpg,https://drive.google.com/thumbnail?id=1EDXlM9jHB7-3sz8UPaHLdryP-nQKSzO1&sz=w1000
5261090459.jpg,https://drive.google.com/thumbnail?id=1q4cXqvy87HfDSYMIseMoz4RIXzGNNgLR&sz=w1000
528261944.jpg,https://drive.google.com/thumbnail?id=15gCuGBQqIMw56TrLs_8bBoLhuOipbF9A&sz=w1000
530507000.jpg,https://drive.google.com/thumbnail?id=1TN2RQgsodWnimqAY-0vSDiZzJrVQAd8Z&sz=w1000
527076501.jpg,https://drive.google.com/thumbnail?id=15CkJP03mcMgv8WU-B4fEz6w2GmIQvQfT&sz=w1000
521186251.jpg,https://drive.google.com/thumbnail?id=1UP1k8FBAgwxvifCnspxdKzjoxweMC9G0&sz=w1000
5253872191.jpg,https://drive.google.com/thumbnail?id=11rsQprOiFI-7c6aCxLTKi1l4GcVaqX2B&sz=w1000
5166720997.jpg,https://drive.google.com/thumbnail?id=1ER-shk5lTMIb_gTuVSVO_3eUmYA3HZbx&sz=w1000
5135010022.jpg,https://drive.google.com/thumbnail?id=1pIINh3gTgv2DXNu1Af80n9jfmbor7wdW&sz=w1000
51900752.jpg,https://drive.google.com/thumbnail?id=1Yx1dsiZQkjjoB-TtzQTvnENKP_yUO0Sf&sz=w1000
5181864944.jpg,https://drive.google.com/thumbnail?id=1lWoGEmkBidSELxyws-BHQZnUc8-zajd8&sz=w1000
51145626.jpg,https://drive.google.com/thumbnail?id=1yobd2xb_DqRUKjAgZHlGZvhntOohyUob&sz=w1000
5080041741.jpg,https://drive.google.com/thumbnail?id=1TxQWgU7sHuKPqMr76CBAlhGE559z1jma&sz=w1000
50835360.jpg,https://drive.google.com/thumbnail?id=1UCsoem9KkXXTAXecMPAVoR-Q2V6y0eyK&sz=w1000
511921542.jpg,https://drive.google.com/thumbnail?id=125MqvdDT8B1Ggovgu4xjzGQPDsLNS-2N&sz=w1000
510714879.jpg,https://drive.google.com/thumbnail?id=1qTRL-H1VEmBoQ6b95B-xV6Y60OICbIfj&sz=w1000
508775668.jpg,https://drive.google.com/thumbnail?id=1zxPHQEXtklEQ6bPncyjKLcY9HoaOBdS6&sz=w1000
5108916416.jpg,https://drive.google.com/thumbnail?id=1WpQqT7P4BmHaqSCziK2xCSsfmmwWK3Vg&sz=w1000
508261758.jpg,https://drive.google.com/thumbnail?id=1xNbkfZ_faLuOAxA4t5OhLdnRgXWdCCf4&sz=w1000
5037602166.jpg,https://drive.google.com/thumbnail?id=1UQf8-vT05e7c-X13NCCxRgB9geStnW3c&sz=w1000
504782512.jpg,https://drive.google.com/thumbnail?id=1Sl4oIoJ-Yg3eJeqn_Ff13o8AcP5cz19A&sz=w1000
50766676.jpg,https://drive.google.com/thumbnail?id=1n-wdbY6Q42PBG6Ua_CBgXCeE9rFW1nKg&sz=w1000
5069106250.jpg,https://drive.google.com/thumbnail?id=1727H7RvVyZ85pq5fuUlU17T6FkYeysFt&sz=w1000
4982540220.jpg,https://drive.google.com/thumbnail?id=1quGs9XCrduNgJzjR4clgP1kUioME1e0A&sz=w1000
501471231.jpg,https://drive.google.com/thumbnail?id=1VYUBP-u3s3iaHX4gJt01qXxDGwCuZ_kf&sz=w1000
5004301175.jpg,https://drive.google.com/thumbnail?id=1nNkkH24pDfZoQnDQHjqEv8ZHjOXebiMl&sz=w1000
4980932600.jpg,https://drive.google.com/thumbnail?id=1o-4T-EWNvpllbqPagHHk_Rg2G_kQ8pcb&sz=w1000
498794783.jpg,https://drive.google.com/thumbnail?id=1yGjoojtX12S4h_99S9jba2PYBq6alpK5&sz=w1000
4983959726.jpg,https://drive.google.com/thumbnail?id=1ol_mOhlTSGfdwOPCkFqLczGlUCufHdKJ&sz=w1000
5009687058.jpg,https://drive.google.com/thumbnail?id=1kJOjD8rj5-6p-fXk5uzdzRN61-Nf70Sm&sz=w1000
4980505768.jpg,https://drive.google.com/thumbnail?id=1dlt9iifaFHAzkHrik_xNrvasknrkE46_&sz=w1000
4979680901.jpg,https://drive.google.com/thumbnail?id=1N8iiiZiQprqNB3KDA8rIB68eSbXggCuY&sz=w1000
496608949.jpg,https://drive.google.com/thumbnail?id=1Co8RVnlp875li-s02dHHraOu2tAulUOp&sz=w1000
4964694718.jpg,https://drive.google.com/thumbnail?id=19eEVkLrMJnzDK3lVmQViDvPsR-KNxETi&sz=w1000
4967261262.jpg,https://drive.google.com/thumbnail?id=1MTXtrpur5oqCWg5AwbMeZyIwrzSGJvKj&sz=w1000
4963339615.jpg,https://drive.google.com/thumbnail?id=1ob2l6wnY16RubAf5Z9pbS25i_2Mx_AAw&sz=w1000
4966265765.jpg,https://drive.google.com/thumbnail?id=1pGymplSNbx_nADeWtu-oZvKcboFVjD6J&sz=w1000
4945968199.jpg,https://drive.google.com/thumbnail?id=1JpMOrVTOf6QQ86BjnhkSuaPVhb-JoN9Y&sz=w1000
4950409945.jpg,https://drive.google.com/thumbnail?id=18bPNUPxWblQqZ7NOVH19g15ev-RHCW-e&sz=w1000
4939482606.jpg,https://drive.google.com/thumbnail?id=1dNl5NeKbHlgKerYATesa2XaRleJThoWo&sz=w1000
4939706481.jpg,https://drive.google.com/thumbnail?id=1nk4_vaOd7yiPArA-XG1mmb6MKdiBoage&sz=w1000
4929731785.jpg,https://drive.google.com/thumbnail?id=1OTarfoph3Gii01vRKMv8tyuxmK1c7Ndr&sz=w1000
4927778124.jpg,https://drive.google.com/thumbnail?id=1SJX-Z4BNZPo_UeL6YR7HpccVPzy1pPz_&sz=w1000
4928921729.jpg,https://drive.google.com/thumbnail?id=1i9v9_Ux1_cupzYEWAOexDo0gq-OjDN4b&sz=w1000
4928783075.jpg,https://drive.google.com/thumbnail?id=1LjjXoUOMrD54NR2-5eosaI67OqmM2dD8&sz=w1000
4932142811.jpg,https://drive.google.com/thumbnail?id=1R8pQqpx006Iw_cyp-G1bSqBkgHDW9Xi4&sz=w1000
4931227978.jpg,https://drive.google.com/thumbnail?id=13BZkFaR5dNaY8WhlaoIhvtBJ7z47Bqui&sz=w1000
4914053837.jpg,https://drive.google.com/thumbnail?id=1Xo8X7PKgxvYiK8rfiEPJaSnF9ao0kPJ3&sz=w1000
4917332111.jpg,https://drive.google.com/thumbnail?id=1Y8YG4gix0qLFvVk2UNpFf6QopZvWQ-iT&sz=w1000
4921249499.jpg,https://drive.google.com/thumbnail?id=1l6X_cDkxgBkK-1_FHo2s9sXnnsKJCsI7&sz=w1000
4920306992.jpg,https://drive.google.com/thumbnail?id=1jVmK5J0vUTap5P-WLPfUW8VNBJsbSDZV&sz=w1000
4915359289.jpg,https://drive.google.com/thumbnail?id=1Zsp449TIQzgbrPrXw19oFoce51CyJ8nt&sz=w1000
4910559956.jpg,https://drive.google.com/thumbnail?id=1QnTIlA0PeO_B1Dd9xAuclJJHlW9XCBHE&sz=w1000
4912684155.jpg,https://drive.google.com/thumbnail?id=1LRaFHVY_RAlgldmNpxvCZWyj2rZd-5cM&sz=w1000
4901078902.jpg,https://drive.google.com/thumbnail?id=1Z2EzX0qPjvXgd3QCGqSTWDOUl9WBArgl&sz=w1000
4911985199.jpg,https://drive.google.com/thumbnail?id=1YvOXsj0-Xril76oYeBK1HW1Z7wy3eJRY&sz=w1000
4904276466.jpg,https://drive.google.com/thumbnail?id=13_F4PqL7FD7Fd0aO2MtBJ6zlIXaU3O_C&sz=w1000
4890344819.jpg,https://drive.google.com/thumbnail?id=1tgdVyANur_dWoyzI9Hf4B2EkXMht2FWw&sz=w1000
4891462499.jpg,https://drive.google.com/thumbnail?id=1tuuDnrZr3NJRtN1-w726Ee_jwxkDrDsA&sz=w1000
4894267064.jpg,https://drive.google.com/thumbnail?id=1wyqYj-WiJzdqn09pZzpmUkqCyr1rFX_S&sz=w1000
4890379428.jpg,https://drive.google.com/thumbnail?id=1J5jxN2nX7zQDsAIMeGrlnvUeC8dRZ_Kr&sz=w1000
4888378070.jpg,https://drive.google.com/thumbnail?id=1oB-L2rUsAN0ie23NoPunXsW5Qr6hL31_&sz=w1000
4885270143.jpg,https://drive.google.com/thumbnail?id=1TUsIVDsWQ5KllqE_LIgWy1gPWR3rCD8s&sz=w1000
4887637505.jpg,https://drive.google.com/thumbnail?id=1Nx4DJwtsXEd7LprfeVSf9etNuYv2eO3w&sz=w1000
4886838003.jpg,https://drive.google.com/thumbnail?id=1UBb5GvowtpQQd1jzKt0I0orVjbYo6Zmv&sz=w1000
4885728602.jpg,https://drive.google.com/thumbnail?id=18dA2n_cccTYDNHzL9A7oUEbgQAm66Jqj&sz=w1000
4880140370.jpg,https://drive.google.com/thumbnail?id=1dkZQlhNIi1ql2bcc8cUE9yumuvDbmdO7&sz=w1000
4878557563.jpg,https://drive.google.com/thumbnail?id=1AXaA8HKzRrVTYTYd5lxrTht0Px0zJKMm&sz=w1000
4887777901.jpg,https://drive.google.com/thumbnail?id=15O46omD-9nQTgFW6VMr6xv2hkLifmwAo&sz=w1000
4876860378.jpg,https://drive.google.com/thumbnail?id=1-VpQs4JtGVUkdoRi176AC1ZSDkn72_3p&sz=w1000
4881829141.jpg,https://drive.google.com/thumbnail?id=13MGOqY-TBxcLI02FRLFuOUPP8rywnKIN&sz=w1000
4874068843.jpg,https://drive.google.com/thumbnail?id=1zb5MCAWGkAoA1r5unYpZKzGhUtBsrDP1&sz=w1000
4876064704.jpg,https://drive.google.com/thumbnail?id=1fH9OLQBDVjZcFjqVyiHmW1WSuzFg42lm&sz=w1000
487894806.jpg,https://drive.google.com/thumbnail?id=196rdXpcaE0XlmFL32qbxdSe_SxYu0mGV&sz=w1000
4871326552.jpg,https://drive.google.com/thumbnail?id=1lGCS9rkI7SEvaPvEw9pXg0XMS3-EudAs&sz=w1000
4868221460.jpg,https://drive.google.com/thumbnail?id=1NP2dn94s-h1vP1s2e3SUWSwVsJOKPUm0&sz=w1000
4857776520.jpg,https://drive.google.com/thumbnail?id=1ElJbmXowX4MGoT5gUBRy9N2S9o_ogBjb&sz=w1000
4860254827.jpg,https://drive.google.com/thumbnail?id=1cEw9DPBTrlHjNJP3yFgjyNOlpr99YfPR&sz=w1000
4855382104.jpg,https://drive.google.com/thumbnail?id=1YCSwuo1plhd6yLj1lfAo5nUTMkjhIrnK&sz=w1000
4862738105.jpg,https://drive.google.com/thumbnail?id=1F3JrG-AY4iYkzUUwEUpMm-I4G4PzymHI&sz=w1000
4859995088.jpg,https://drive.google.com/thumbnail?id=11mJ9qdnGAys8Vfa7_rwHwdP_LMU4wgJv&sz=w1000
4844993012.jpg,https://drive.google.com/thumbnail?id=1Y9mx23upbLSwZHIPKYhy3CqF6ovQIdG0&sz=w1000
485312202.jpg,https://drive.google.com/thumbnail?id=1OWCN-81uzDKTGoOuSifRjKK8lNtnL9FM&sz=w1000
4852300027.jpg,https://drive.google.com/thumbnail?id=1EzRFFI5mO0gZTohQw7_YJP8cRWEVoAnI&sz=w1000
4847012655.jpg,https://drive.google.com/thumbnail?id=1TJdlsfAjUqxZmQVfMR234pOBVYE5e4R-&sz=w1000
4852829439.jpg,https://drive.google.com/thumbnail?id=1rsq6difntGgc6cPiuYFs-4ixM_4xKxrs&sz=w1000
4838098882.jpg,https://drive.google.com/thumbnail?id=1mVVQA5PNGFHMRc3Stpelg70DcQ_kuQIO&sz=w1000
4837466309.jpg,https://drive.google.com/thumbnail?id=1a9LFQFecXwZqPG4LBm3ppglFcVn3dSEz&sz=w1000
4833342189.jpg,https://drive.google.com/thumbnail?id=14ZUct0wVqLFm5_rTqwVwAD4EgYJkscJw&sz=w1000
4834129500.jpg,https://drive.google.com/thumbnail?id=1lTP1tQMiFK-xvaj4XWgoqZBjn9c_J_eV&sz=w1000
4839470790.jpg,https://drive.google.com/thumbnail?id=1gJFV879kgtIUxIJ7393UmcUnmdlKvyov&sz=w1000
4823235614.jpg,https://drive.google.com/thumbnail?id=1xjFGixt2V2RJLUSOK53LNOmW2RrhQfpc&sz=w1000
482882307.jpg,https://drive.google.com/thumbnail?id=1j9szn39nrgw6-qo3Vn2wQq3jNHCL45rh&sz=w1000
4822443231.jpg,https://drive.google.com/thumbnail?id=1bNJ2S0GtPtjqum3-RPAJbSjw3kvGyCwq&sz=w1000
482048394.jpg,https://drive.google.com/thumbnail?id=1wg0tn28WtO9kehxIKo7O71R_3_8sNui3&sz=w1000
4820349542.jpg,https://drive.google.com/thumbnail?id=1BcEcdh-60_Fr1C0bELzSulnHtYQYX69W&sz=w1000
4805425261.jpg,https://drive.google.com/thumbnail?id=1Uce_T67S9HDx2xoWmU59szGbSO6LyLJS&sz=w1000
4812155149.jpg,https://drive.google.com/thumbnail?id=1wKCBVU8Ip3MYTJtADV7RKn2VIx4RKFFe&sz=w1000
4803943201.jpg,https://drive.google.com/thumbnail?id=1SLLJj3VnlASgOihD81N0EsbvPW-8xUud&sz=w1000
4810385740.jpg,https://drive.google.com/thumbnail?id=1QsXN0RDNoRzxYdFX_UsetsSa_sMOcspv&sz=w1000
4809880189.jpg,https://drive.google.com/thumbnail?id=17oCgY4ivBwB7k_Jv0xnl4gsj3Zh8auC2&sz=w1000
480200554.jpg,https://drive.google.com/thumbnail?id=1nXOQIQECI9yPRK19n_VJG_Yev0auAuXm&sz=w1000
480048562.jpg,https://drive.google.com/thumbnail?id=16yx5CRyancSM4U6H6IIbg9ILKdHPr8mx&sz=w1000
4803787546.jpg,https://drive.google.com/thumbnail?id=1Kd77Qj5ygiAUAg8J0omA-EEKVmRTWQN1&sz=w1000
4800956774.jpg,https://drive.google.com/thumbnail?id=1jgJsqLhJ-6B7pR3i6nwufnUVnHH1tpED&sz=w1000
4801849846.jpg,https://drive.google.com/thumbnail?id=1dcr5VLSAp30jMJiwrK0wvHp8Fna93ipO&sz=w1000
4792160184.jpg,https://drive.google.com/thumbnail?id=1qqBWYhy48DotSuDEuuYWegI5HZf_YKjU&sz=w1000
4791513183.jpg,https://drive.google.com/thumbnail?id=1QSCYJt4y8SsJQctOuYhNDRdsanC0pTwj&sz=w1000
4789309483.jpg,https://drive.google.com/thumbnail?id=1VL2rLhlsMA2aXSQOeTr_qANee3GlZYuY&sz=w1000
478025924.jpg,https://drive.google.com/thumbnail?id=1CpWRlX3Uj6tiZmWaiDnYo0h2PXY7NRAC&sz=w1000
4781005891.jpg,https://drive.google.com/thumbnail?id=1Gfrpo7Dowq_BUisXLgzc-hjM2UyUS9iT&sz=w1000
478592803.jpg,https://drive.google.com/thumbnail?id=1CvwakA47ue6LF-pAtpM2oCLKH54TCoAb&sz=w1000
4789705901.jpg,https://drive.google.com/thumbnail?id=1wJzfS-b2Xt7_4SuyFNerEjVwyV4Q9dFk&sz=w1000
477774424.jpg,https://drive.google.com/thumbnail?id=1Di-_mNwax1tHXlb3_O0I5_iSxCYkrSPr&sz=w1000
4767349301.jpg,https://drive.google.com/thumbnail?id=1iPb_JKZWyZlV0drrEHWTDeoktvAcAmbU&sz=w1000
4772236164.jpg,https://drive.google.com/thumbnail?id=1kpu3gatKmu_Ky5_mtXJmpkzv2DDqHKUG&sz=w1000
4774480674.jpg,https://drive.google.com/thumbnail?id=1zC7AwAmJRPZq_croqb-xsGtc7pAu5H_a&sz=w1000
4763056591.jpg,https://drive.google.com/thumbnail?id=1GuQgS16j1EgyN_9sQFHKCRVaEPrw4bMi&sz=w1000
4757931558.jpg,https://drive.google.com/thumbnail?id=1A6YfWLyFnFrS9x32FJTviTar4vQ0uxwL&sz=w1000
4761927608.jpg,https://drive.google.com/thumbnail?id=1S8a46os1-1Ps1BdPLguG_HKTi27F-dhk&sz=w1000
4751250311.jpg,https://drive.google.com/thumbnail?id=1qaE0fQf8E6OM5CJtHRYlAvH6Mlm8UsEZ&sz=w1000
4745356451.jpg,https://drive.google.com/thumbnail?id=171pMibOaPqfXzatDBz4IguQgo_rL_Bmr&sz=w1000
4739632460.jpg,https://drive.google.com/thumbnail?id=113OR64Wvm9Lr02PvwMkdtw_1EqtsB1K0&sz=w1000
4741608436.jpg,https://drive.google.com/thumbnail?id=1XllW1uD0lDTlYBTymIeWcDHHdq8JR9Kq&sz=w1000
4729191874.jpg,https://drive.google.com/thumbnail?id=18HcV9ZDra8pbRsd3aOlpHXIWCEhgAOlq&sz=w1000
473251659.jpg,https://drive.google.com/thumbnail?id=1xiaXEZWKAay41wdZtRy0GA_be3-NtFHU&sz=w1000
4731709586.jpg,https://drive.google.com/thumbnail?id=1YHQ0_odrxXd0SNOvWQsDnCLq-UIc0f7f&sz=w1000
4719923434.jpg,https://drive.google.com/thumbnail?id=1WRRVfUgsZ1PpVqGJHlyWKlhMK4BxQbjl&sz=w1000
4719061053.jpg,https://drive.google.com/thumbnail?id=11gcErycoMVkCL2VDCNamuYbu9iN3QguS&sz=w1000
4715038539.jpg,https://drive.google.com/thumbnail?id=1AXsMuLiqgtumWfIs9iQNxR-N3TszEdn2&sz=w1000
4721414369.jpg,https://drive.google.com/thumbnail?id=1lTfgug761edNgLy9iOPKx698Kqfv8SVQ&sz=w1000
4718049113.jpg,https://drive.google.com/thumbnail?id=1gNRcqT_wClireGVZ0_zPyk14zwUGiCEz&sz=w1000
4716736879.jpg,https://drive.google.com/thumbnail?id=1Abai3Dv0EZf3omzCD1y-Y8Zc8dPXdE9N&sz=w1000
4716228900.jpg,https://drive.google.com/thumbnail?id=13MjUi1Ll893Lv-LMZAw-N7gR_wmGsQ6B&sz=w1000
4719224571.jpg,https://drive.google.com/thumbnail?id=1Vhg8keStnvjuU8Pwy7u3dJx7-EknAUpG&sz=w1000
4712604889.jpg,https://drive.google.com/thumbnail?id=1HyruBzwahOKNQ7zgMR2piA8EjP0QQfM8&sz=w1000
4703468060.jpg,https://drive.google.com/thumbnail?id=1f76cr9jLeCs3U6QK3docndlqFAPECKfF&sz=w1000
4700620470.jpg,https://drive.google.com/thumbnail?id=1n68PEaMLjfNf0Ajyz-oVQACm-Mjgbfqo&sz=w1000
471094546.jpg,https://drive.google.com/thumbnail?id=15EtW3LyCzYbRUBJS5CEL7Ug5xqs44QY0&sz=w1000
4706793376.jpg,https://drive.google.com/thumbnail?id=1jsGrwSHfiRoENFvczgnQ40VsKTnajtIh&sz=w1000
4692047783.jpg,https://drive.google.com/thumbnail?id=1SMEmVVpaIWdQYnxkagTNzksLpPIm2Cfr&sz=w1000
4692834620.jpg,https://drive.google.com/thumbnail?id=1ilMnH7ktFpsNEbD6bESqGvTrY9mum5PI&sz=w1000
4695983839.jpg,https://drive.google.com/thumbnail?id=1aL7pmWIzTnff4z74dxfwiJ1siGs87p2z&sz=w1000
4689487867.jpg,https://drive.google.com/thumbnail?id=1T6LmSl2rjDtIcQwyuvfPAEgmluKKHALh&sz=w1000
4688619097.jpg,https://drive.google.com/thumbnail?id=1Az-KpGtP7kUyKNsnLdhJlEq8-vq-6izy&sz=w1000
4688989316.jpg,https://drive.google.com/thumbnail?id=1Z-zVKny_-hp-etDVFE7kFncmUq7B60QR&sz=w1000
4681940161.jpg,https://drive.google.com/thumbnail?id=1B_pZ7eBOpGEeV6LMhaggq9SPZgaG8Rg7&sz=w1000
4685167138.jpg,https://drive.google.com/thumbnail?id=1Q2Sx7y0LIWT4JjABGtlonCJn2IZ6Vg3e&sz=w1000
4688193042.jpg,https://drive.google.com/thumbnail?id=1VzLW2AqnNne0Vle_PgX46rScRMIe3iCw&sz=w1000
4678723492.jpg,https://drive.google.com/thumbnail?id=1xEEGY_m8fqKlg5p4Ad6qlkpa0hUuUXgL&sz=w1000
4675918984.jpg,https://drive.google.com/thumbnail?id=1BNe2bZfundphXoK8vQbTEGsbJLIte5qR&sz=w1000
4670365996.jpg,https://drive.google.com/thumbnail?id=1HR_z1zXheAwMtKrM2zP08FdQcvmlr0fe&sz=w1000
4659723971.jpg,https://drive.google.com/thumbnail?id=1Upeqss4zWf7mv9ckWdS_1SiKhLhahCRe&sz=w1000
4666848560.jpg,https://drive.google.com/thumbnail?id=1tMP0mrGD85y29u6XvzvceeTACjFPXcZG&sz=w1000
4665446842.jpg,https://drive.google.com/thumbnail?id=1ptxAX_J9-t3aAZhAU5hYdVN0UAlJlW9i&sz=w1000
465942523.jpg,https://drive.google.com/thumbnail?id=1EcisotIXR80Ls1CJARyN3QQ3JOQmpvLE&sz=w1000
4653330656.jpg,https://drive.google.com/thumbnail?id=1scSlZHb1SPCthl_43_nENKEjbpTXKFUF&sz=w1000
4644932044.jpg,https://drive.google.com/thumbnail?id=1-BQNt5_J6RDDAwvwj1rgemmermDWDTSh&sz=w1000
4653320750.jpg,https://drive.google.com/thumbnail?id=1JpLIARzUScGr9HllmCRVXxYAmNnFikfl&sz=w1000
4648702866.jpg,https://drive.google.com/thumbnail?id=1gYO1CGrdkAgqmSfmVJkFmmqX43MiIzIs&sz=w1000
4653642693.jpg,https://drive.google.com/thumbnail?id=1JAW_mh5PE1IqUMqEUjTffEJBkhWGIZq0&sz=w1000
4638368806.jpg,https://drive.google.com/thumbnail?id=1usW2Q91A7OFvhAUJ5ywOaBTFdu8h5l3P&sz=w1000
4631730020.jpg,https://drive.google.com/thumbnail?id=1D0BSkuvTCRpaU2aW0F07KiMcyJXRgzf-&sz=w1000
4637051450.jpg,https://drive.google.com/thumbnail?id=1oguVbCV3WpnCoDMXh3my1nLfEls1RJrZ&sz=w1000
463786229.jpg,https://drive.google.com/thumbnail?id=1FLMIBaC5zT_IeMKhfEP0EN4mF1jJHhmA&sz=w1000
462725077.jpg,https://drive.google.com/thumbnail?id=1t_Hk7OjwqZPM4fRbjSwlEwRLj5nBG_sK&sz=w1000
4623589654.jpg,https://drive.google.com/thumbnail?id=1HdN8xywwdQ1GMDZbyekjPPCy7TdTnzgF&sz=w1000
4612021294.jpg,https://drive.google.com/thumbnail?id=1UAyPjnCwerITBVUD_A2HSabl2qPfFaB0&sz=w1000
461207690.jpg,https://drive.google.com/thumbnail?id=1jYRodKOj7MhDVz4F4N-b_6dw_ZTuRc6G&sz=w1000
4609086520.jpg,https://drive.google.com/thumbnail?id=1w6itCoehpreE3Z5z4MCsYZLBCoBd1sa6&sz=w1000
4619702530.jpg,https://drive.google.com/thumbnail?id=1MZfbih2F7VqlLGJ8Qnr9Sb2a_8CgdkmR&sz=w1000
461413605.jpg,https://drive.google.com/thumbnail?id=1pAPJEMWVtRWSIC31ayNiq7Y4hq0ZKZHh&sz=w1000
4610962283.jpg,https://drive.google.com/thumbnail?id=1bxx1HckzAT6-cWX9-6rPq9KoBHrQUpL7&sz=w1000
4589055346.jpg,https://drive.google.com/thumbnail?id=1mrIuz9iz0pHBYg6xcANpB9D63z1tYB-e&sz=w1000
4599682931.jpg,https://drive.google.com/thumbnail?id=19lD7jpxbiGxgHb6NwkE9FnR90XUgeY_T&sz=w1000
4605779731.jpg,https://drive.google.com/thumbnail?id=1BZwjQYcsiLv5os_1v3AK1Pzviv4zXLuY&sz=w1000
458183774.jpg,https://drive.google.com/thumbnail?id=15DcVuF8aiKuaqr1fF1Ajl8LywPbwmnXV&sz=w1000
457945610.jpg,https://drive.google.com/thumbnail?id=1xXm_sUu_3K9AhFifVcVY8FS-9nY2fmsv&sz=w1000
4580064094.jpg,https://drive.google.com/thumbnail?id=1Ab54b-jf235kVdTQ5HBlYXC1b0O1PVgI&sz=w1000
4567351655.jpg,https://drive.google.com/thumbnail?id=12MliJrqLLYFEApti9gpFwP-jB7oLF98E&sz=w1000
4559652229.jpg,https://drive.google.com/thumbnail?id=18YqtSoVmj7ZXCI_otzTY5zSrEwsOR0Ss&sz=w1000
4562489789.jpg,https://drive.google.com/thumbnail?id=1uX4Kfqad5bIjnaijg7qEeMRf5Pta4ipf&sz=w1000
4558577575.jpg,https://drive.google.com/thumbnail?id=170l7SQswo3Tq2ZOkAQPRCTu_2e2cidRy&sz=w1000
4559151126.jpg,https://drive.google.com/thumbnail?id=1zS9994v7hbhxXTa94vc7ujILNx5ebR37&sz=w1000
4553689997.jpg,https://drive.google.com/thumbnail?id=1NIOO8lOU_ReaXxTxmPdykk1NStHV219d&sz=w1000
4537970812.jpg,https://drive.google.com/thumbnail?id=16Pv0Xc1pFH-jJ7G0_1cZwpS0OSUK15np&sz=w1000
4548074929.jpg,https://drive.google.com/thumbnail?id=1PLnLjYYalpQm4GZBZog4aWq3LFnNO29j&sz=w1000
4537351220.jpg,https://drive.google.com/thumbnail?id=1m8H1AWBKez_9Rrl1Vgg0l26t2sZMXvk4&sz=w1000
4544197412.jpg,https://drive.google.com/thumbnail?id=1uvAW2BXXtnXzk3tos2ol9uuIYWFvePjM&sz=w1000
4546915051.jpg,https://drive.google.com/thumbnail?id=1vdCfcxVnKYEa9Z0LS8SN69gC4YSbhgOC&sz=w1000
4546261932.jpg,https://drive.google.com/thumbnail?id=1Av6jv-O5-zm1MqjJn14SUNS_f5YisoTq&sz=w1000
4535869941.jpg,https://drive.google.com/thumbnail?id=1exH12lDNNZ9sOJNxr10y1oiMJYGWj9n0&sz=w1000
4509715457.jpg,https://drive.google.com/thumbnail?id=1cUAuxGjpRdcFv7Eni3xvLpE965_YB1qX&sz=w1000
4501090611.jpg,https://drive.google.com/thumbnail?id=18sXwcwK1dt1yc1RbGTJn58yHgFq5om9L&sz=w1000
448658518.jpg,https://drive.google.com/thumbnail?id=15bWvM0nykER-6mUNNPx7_jBw2aDePRbJ&sz=w1000
4489857517.jpg,https://drive.google.com/thumbnail?id=1c_Ugmr7UqOhsgaU0ahQ6eFrj7ExwDEqj&sz=w1000
4491028316.jpg,https://drive.google.com/thumbnail?id=14fT0aPTnOaIL9HjON11iPvnvO0LZnI70&sz=w1000
4499568652.jpg,https://drive.google.com/thumbnail?id=1tJEGeiiMCb0kxTdaGiRaO8wGhp-qHzdz&sz=w1000
4501102617.jpg,https://drive.google.com/thumbnail?id=1uTEpCyF0q3_kN8sYVEvVs7OEAHGZfA6U&sz=w1000
4483343442.jpg,https://drive.google.com/thumbnail?id=1Hati67FHZEzk_wAcpZNc-k9gX6FXV_oO&sz=w1000
446902206.jpg,https://drive.google.com/thumbnail?id=1qazEvSoSLQMd0xHGaoOqdDkBnP1CuN2N&sz=w1000
4467442740.jpg,https://drive.google.com/thumbnail?id=1b4kfbE34918-69FSNdIkRTJtLQNGpmga&sz=w1000
4468251915.jpg,https://drive.google.com/thumbnail?id=1qMKfp3PR5wEqGU-BTIK6LEuza0DR5Pwj&sz=w1000
4475525978.jpg,https://drive.google.com/thumbnail?id=17ekVObSdDX0NEn2iWppjshdCoVj2cD89&sz=w1000
446908917.jpg,https://drive.google.com/thumbnail?id=1zL_K3y9ofclc3pHJTOfD-07ctDxc0cAT&sz=w1000
4478669459.jpg,https://drive.google.com/thumbnail?id=1_r3OTQcpkegR7yoHFG_gvzS4_UO4G-D-&sz=w1000
4465873363.jpg,https://drive.google.com/thumbnail?id=1E3lXtHRGy4syT0aKRkGiZH4tXw2iw3G2&sz=w1000
445348023.jpg,https://drive.google.com/thumbnail?id=1-qPKEV8zZsGqRk4uU2pxSgHnh21fzbJY&sz=w1000
44619131.jpg,https://drive.google.com/thumbnail?id=1MG3DKK0ifXAEWqQ3AS_t63StZFUDYEoZ&sz=w1000
4458126089.jpg,https://drive.google.com/thumbnail?id=1P9Klfxih-ZFsjk3vmJbkwlUEPTLPF6HM&sz=w1000
4448923767.jpg,https://drive.google.com/thumbnail?id=1isTainlTnG8D9Wg6pAlYA9GplU1aU0f7&sz=w1000
4441985805.jpg,https://drive.google.com/thumbnail?id=1ekXfy0w8spSZNTUmmnKLDpTRibTE9cqT&sz=w1000
4448569088.jpg,https://drive.google.com/thumbnail?id=1mvD6AoabdkU-tZZQ_h_oDuioM6jBDbRZ&sz=w1000
4444147335.jpg,https://drive.google.com/thumbnail?id=10rw9l3liWyeU-LH8_M1xetcJ6iAFHAMZ&sz=w1000
4440406136.jpg,https://drive.google.com/thumbnail?id=1_1cPDUN6sFQLB-ksvvDyN1uSgWrhB-hS&sz=w1000
4440674531.jpg,https://drive.google.com/thumbnail?id=1DCHnSXMy__0rBWSyg3WLo3pkneMc5Eze&sz=w1000
4412978133.jpg,https://drive.google.com/thumbnail?id=17h78SxhpKfs1fnPto3vDeMs2Gj9w87LJ&sz=w1000
4418471031.jpg,https://drive.google.com/thumbnail?id=1RCKkrsEnT9020Km8aq31cC-y0bOl7JpF&sz=w1000
4381281855.jpg,https://drive.google.com/thumbnail?id=1xLPwTIr-Xcklz-P6RAl4-5HmaJjgAk4o&sz=w1000
4378559088.jpg,https://drive.google.com/thumbnail?id=1430UA2UAQznEpI9lJQIJY4J_AK1Qr_GO&sz=w1000
4401136784.jpg,https://drive.google.com/thumbnail?id=10HH2UwAGdGkNbyS7iP49aQAjzyVxffBD&sz=w1000
4350421837.jpg,https://drive.google.com/thumbnail?id=181QFDfYzfAAgDGYYxt937Y_oVMDP_LDp&sz=w1000
4342753575.jpg,https://drive.google.com/thumbnail?id=1CK7NZbGi8lZuNfNqAiMh3GyroBtoqtCO&sz=w1000
436393371.jpg,https://drive.google.com/thumbnail?id=1w9DzQfNghFlyPonQ0tUvjDmzhcatbuic&sz=w1000
432869272.jpg,https://drive.google.com/thumbnail?id=1hHHgXFjzpx2I32ccTazMW6giYhcr7Mhf&sz=w1000
4322110026.jpg,https://drive.google.com/thumbnail?id=17gABfaSzNRxgdBFw_HXpLBrlr-PVxukh&sz=w1000
4337016892.jpg,https://drive.google.com/thumbnail?id=1QLW8ePe7IQkwniarPAUYnr31llkDDdWB&sz=w1000
4269882745.jpg,https://drive.google.com/thumbnail?id=1VoGcIiqPPpuUG8RFVnGkPF0SIRPolGme&sz=w1000
4271121531.jpg,https://drive.google.com/thumbnail?id=1pjSV6c0yuycWvxqW-2PhIR4MVd0boHbB&sz=w1000
4254687302.jpg,https://drive.google.com/thumbnail?id=1iuP2DLyKoTCbOS0ImCkf2b9MXfjSholm&sz=w1000
4264591578.jpg,https://drive.google.com/thumbnail?id=16E0CcFbRDy2TeAjOQ2mOUkgdLnrFr9Kg&sz=w1000
4243530880.jpg,https://drive.google.com/thumbnail?id=1fkgNQkf2T2_iP8h057NQME0I0JVNHiUm&sz=w1000
4268242266.jpg,https://drive.google.com/thumbnail?id=1Vp7UKmMWwD-ewOX2tQ2Iq1FBVOIKe1O6&sz=w1000
4196910882.jpg,https://drive.google.com/thumbnail?id=1KdyjPD42m1Iwei245kzXk6EhSnOM0kEW&sz=w1000
4204912347.jpg,https://drive.google.com/thumbnail?id=1G0Ms2FZ7JmBzeF_ox7YYcMSuqUt6j6aO&sz=w1000
4186516481.jpg,https://drive.google.com/thumbnail?id=1GVutWouEEvi-lfUOrsrW531F7epWkuI1&sz=w1000
4205559091.jpg,https://drive.google.com/thumbnail?id=1dVqcPnf-QFnJxWJLt3ryajeCWeVbbKE_&sz=w1000
4148126293.jpg,https://drive.google.com/thumbnail?id=1EdXvwucM17BycieVQaYPyWOUYkLTZwjU&sz=w1000
4171204436.jpg,https://drive.google.com/thumbnail?id=1FLrBbyGg35DHqHCH--Gprd4PpdiUis7W&sz=w1000
417966898.jpg,https://drive.google.com/thumbnail?id=1YLoxANaw7XzwyGYrQcpe_zUxceEri1yG&sz=w1000
4161099680.jpg,https://drive.google.com/thumbnail?id=1LFItVSUon0_6vO_SjWUm5Z7wrK1uzvpo&sz=w1000
4158603367.jpg,https://drive.google.com/thumbnail?id=1a1CQABngPT8FAxxVNYaJcFnKtIQYBs0P&sz=w1000
4145054037.jpg,https://drive.google.com/thumbnail?id=1oPT9pKcai7PFAvQZ59DvIgK79HLH9vaa&sz=w1000
411216802.jpg,https://drive.google.com/thumbnail?id=1cCWFtGMg6wXfu8neqzuBC80DfDItYxo1&sz=w1000
4082494486.jpg,https://drive.google.com/thumbnail?id=1pHrbBwEouU0kZaxtMrMDkqenHpyDvVXw&sz=w1000
4084139686.jpg,https://drive.google.com/thumbnail?id=1cFuW4sTCX7aP0d41hIb-K07MMUlinqL-&sz=w1000
4078158395.jpg,https://drive.google.com/thumbnail?id=1u14sSsgXNNvoo0WJ3cFadNAG9w70hInT&sz=w1000
4091782118.jpg,https://drive.google.com/thumbnail?id=1OsZjbhdjd9_EXfIHirxMhCe26O9IJXnm&sz=w1000
4093458757.jpg,https://drive.google.com/thumbnail?id=14IFXjbWnHAJzqsY44z3oxvriqBNupAC6&sz=w1000
4084449700.jpg,https://drive.google.com/thumbnail?id=16Iv4whVYea1350tBHnPz_wozUXtuNwAY&sz=w1000
4093912245.jpg,https://drive.google.com/thumbnail?id=1RJsgDmKOqxUz4--hmTtX7jqBsJwApoW6&sz=w1000
4075175810.jpg,https://drive.google.com/thumbnail?id=1ncstbRldvwYNmD6LgSbgTfmT-mtjLKu9&sz=w1000
4033018747.jpg,https://drive.google.com/thumbnail?id=13qxwuY23aIZOZvLo1n5JkyONvuwNA05d&sz=w1000
4036819980.jpg,https://drive.google.com/thumbnail?id=1hRl7pUtFdo_1p5dGZMK4w9xUOxh0D76T&sz=w1000
4057128396.jpg,https://drive.google.com/thumbnail?id=188_FUtT_BzjzlN7v6Bs3XbzYahyXC5-0&sz=w1000
4039390335.jpg,https://drive.google.com/thumbnail?id=1lvzEjr1Cy3YhhHdqIjtqmaIBjibre6sj&sz=w1000
4021647447.jpg,https://drive.google.com/thumbnail?id=1A_rPO6rXTs0stLeoXevlfoEurXAbsmbI&sz=w1000
3999247601.jpg,https://drive.google.com/thumbnail?id=1b3PQbDNP6ENR2e8AiiuqKiAOM5_NQNtD&sz=w1000
4024098174.jpg,https://drive.google.com/thumbnail?id=1hQxcavJrfifEPshsB4LIqOIfln3TUEaW&sz=w1000
4001021645.jpg,https://drive.google.com/thumbnail?id=1sIDIhAXlFSeKuRGkpU5WtqHlZSuNiBFT&sz=w1000
3983185073.jpg,https://drive.google.com/thumbnail?id=1wMO7Mnh84onpajdnRrALCeMikHCzamn2&sz=w1000
3992134893.jpg,https://drive.google.com/thumbnail?id=1YogKkOiB60M5YNRShRWW49uFhoIJmI76&sz=w1000
3971903221.jpg,https://drive.google.com/thumbnail?id=13T7DT6SZlJvJPZXbqDHev5L8bmhraqXZ&sz=w1000
3963243135.jpg,https://drive.google.com/thumbnail?id=1GfivG2VSjwoLiBBzaP48wJQtfyTOj4yu&sz=w1000
394161692.jpg,https://drive.google.com/thumbnail?id=1NeH9iJG6QUT-GK1xRlgKyXdaFWsfvuIe&sz=w1000
394136487.jpg,https://drive.google.com/thumbnail?id=1xNoTuUaNUcGJhL7XKpEsCmwOVvwcjqW0&sz=w1000
3955648022.jpg,https://drive.google.com/thumbnail?id=1gN92raSiCbK_e075JBZmkDcPpD5Kbv6k&sz=w1000
3929379436.jpg,https://drive.google.com/thumbnail?id=1rhAnUB6YU3Q8fxZ34V3JgzLNbxUPdYj3&sz=w1000
3945002600.jpg,https://drive.google.com/thumbnail?id=1AU8gTiEtOJCdC6vZjtGkW4urlpS-0MGE&sz=w1000
3953382308.jpg,https://drive.google.com/thumbnail?id=1zH3ePUmnH0Lp3YJ3Y18_HHX51Qt6jwjr&sz=w1000
3948003394.jpg,https://drive.google.com/thumbnail?id=1EfVO_cb52a5csAoIQMvIJ8TcOYOlMoMf&sz=w1000
3892971736.jpg,https://drive.google.com/thumbnail?id=1I9a5GS2wEuhs6BmI_bw303p8GVPNJSfn&sz=w1000
3914751903.jpg,https://drive.google.com/thumbnail?id=1NUGqNLUPFvYQFIa4eyZP_XLcuX66JQzW&sz=w1000
3885034832.jpg,https://drive.google.com/thumbnail?id=1Be1BMo0pOYIOKJDQE0t9IuxrYBMHM3z7&sz=w1000
3889526603.jpg,https://drive.google.com/thumbnail?id=1d0dd8lDMs7NOSCGeKoNXl_GVu31SBdxd&sz=w1000
391324644.jpg,https://drive.google.com/thumbnail?id=1oQ7fQ1oW3mtPXRHeEA3aPjnzNTV1Xo3W&sz=w1000
388546416.jpg,https://drive.google.com/thumbnail?id=1cNaBbroDoJxi8alqIurFC1Mje6QibbzA&sz=w1000
3916066890.jpg,https://drive.google.com/thumbnail?id=1uzkCGviFmLQ52TtctOMX7vLSW7Gm5_xJ&sz=w1000
390986651.jpg,https://drive.google.com/thumbnail?id=15xXtzzRH64L-64Gc0f2t7Xol0Uwbw-f8&sz=w1000
385811470.jpg,https://drive.google.com/thumbnail?id=1k7_Z45ZCWc2_mecnxpKM2p4ogtmQCIli&sz=w1000
3851686271.jpg,https://drive.google.com/thumbnail?id=1TaN-BCqCn2WoTZyanUS3Horm_F91vpkV&sz=w1000
3859241173.jpg,https://drive.google.com/thumbnail?id=1FvtRua308Xj3sKQCmQOV8nWm07m4Uhhk&sz=w1000
3848572895.jpg,https://drive.google.com/thumbnail?id=1KqR2dCvhRud7_LAMtbTWcuw1sqWn0eTu&sz=w1000
3872967416.jpg,https://drive.google.com/thumbnail?id=17mdCvJ9fAzuf-vMmDptCjM6stOoWj8i_&sz=w1000
3878630626.jpg,https://drive.google.com/thumbnail?id=1OjtsKU6yodzgL1aPeqXC0IwiGyy0aCcG&sz=w1000
3856958902.jpg,https://drive.google.com/thumbnail?id=1GYhi7zFSy-jXdS_M5GbFNacnfNL-iOc6&sz=w1000
3827238558.jpg,https://drive.google.com/thumbnail?id=1MLAV32IgtkQxzV3gJMXoEV1sqlsrdlX9&sz=w1000
3841625978.jpg,https://drive.google.com/thumbnail?id=15j44Zs_QLYodx4cdjMkJPQJ4to0OwiVC&sz=w1000
3823285027.jpg,https://drive.google.com/thumbnail?id=1SsBOwMPawP3F_afvRoAuRj-A1vV7xKc0&sz=w1000
3834993910.jpg,https://drive.google.com/thumbnail?id=1MfVkvwsbXFE_RuQrunt3nM4_lItdynLD&sz=w1000
3826431865.jpg,https://drive.google.com/thumbnail?id=1b-g-QI91thIW6jiSqu_llW2VWeuZzk3h&sz=w1000
3826418155.jpg,https://drive.google.com/thumbnail?id=1gZrSA760Rm_miqxCLdWl1E_f0kXOPVVb&sz=w1000
3826491809.jpg,https://drive.google.com/thumbnail?id=1oey-9gr9EnoG0nKGV8oy1Be_RK_f6NYn&sz=w1000
3838186953.jpg,https://drive.google.com/thumbnail?id=1zFK83QVsFqP9JxKdIH1i5sVFyEe8frfi&sz=w1000
3797595159.jpg,https://drive.google.com/thumbnail?id=1-FhbpcLntPg2LIyXHuCTsVDx3g40mf6-&sz=w1000
3787437809.jpg,https://drive.google.com/thumbnail?id=1khnbmEdJd39xasBudESiEoCHegZGSxxy&sz=w1000
3806981527.jpg,https://drive.google.com/thumbnail?id=1QItcbEWjPpAuBIH2tylqrQpX5YiZ9jz_&sz=w1000
380537190.jpg,https://drive.google.com/thumbnail?id=1Lc88F_oW9GdS_vAtx-mksljaDhREDVcH&sz=w1000
3798552554.jpg,https://drive.google.com/thumbnail?id=1zreRjVBzUy1lhWMFBN_1A44EKH7erpch&sz=w1000
38130571.jpg,https://drive.google.com/thumbnail?id=1RAu_Z6Qf9s1EDqpRU51ZJ3OOuVtskBfr&sz=w1000
3790112538.jpg,https://drive.google.com/thumbnail?id=1k76F2O0wtQjEsMdNYiwTqFoB9TP5HzvF&sz=w1000
378970234.jpg,https://drive.google.com/thumbnail?id=1GpW4rZlF6VpzC1Ovb3SGg8JRbBbWZk79&sz=w1000
3772532605.jpg,https://drive.google.com/thumbnail?id=1U2jmr4CSf47f3IoHPEU7vwaT6xjVgYZ8&sz=w1000
3745474894.jpg,https://drive.google.com/thumbnail?id=1CbfN79hXmMtpbwyIVSBXRCOgBhIJYavS&sz=w1000
3735801713.jpg,https://drive.google.com/thumbnail?id=1DClbGAbHfJ2qzHe_s3pAgnoYD1OUhCH6&sz=w1000
3747212986.jpg,https://drive.google.com/thumbnail?id=1DoLJ8T1qSMCbILXi_eUvSaPkPJFa_HN9&sz=w1000
374707236.jpg,https://drive.google.com/thumbnail?id=17O1wacwqv2H1JzC6IHARJ0PoM-jSYnci&sz=w1000
3726076549.jpg,https://drive.google.com/thumbnail?id=1UXGsHYA9A_tWKGWHFFjydWcEjeAQKKqS&sz=w1000
3709030554.jpg,https://drive.google.com/thumbnail?id=1Jrymww_cPMngUaFgSj2-5EbW3L82H4f4&sz=w1000
3716101709.jpg,https://drive.google.com/thumbnail?id=1-KeZgppSBD5Ixv1Q8TK8SSwn5Ox687hD&sz=w1000
3722572342.jpg,https://drive.google.com/thumbnail?id=16PApUyn82s4AxGGxrTUSy_nUa7VeOy3M&sz=w1000
3700346840.jpg,https://drive.google.com/thumbnail?id=1TbUavjYKReNyzGwO05iKq2m4ySVDIWNR&sz=w1000
3701878677.jpg,https://drive.google.com/thumbnail?id=1-MFcxpvFBLcLwCCAeK8d6Q1s2pntqgo6&sz=w1000
370256193.jpg,https://drive.google.com/thumbnail?id=1wFezq1f65ImzwSjtTQGSi7zV7phEIYSv&sz=w1000
3690348036.jpg,https://drive.google.com/thumbnail?id=1SnyFTl2YoH5dX8SmXm0kmLOOIETtnYz7&sz=w1000
3689975998.jpg,https://drive.google.com/thumbnail?id=11N1ruFQEmzmHXDfaB6MoATsdkR2E9yBr&sz=w1000
3687996279.jpg,https://drive.google.com/thumbnail?id=13XsB6x0cQjZKdCAAisIHY2fUMw-MBgXE&sz=w1000
3654377237.jpg,https://drive.google.com/thumbnail?id=1OM2M8Ey4Hhw7_Ef6eidieee4PUjMnZWX&sz=w1000
3655092860.jpg,https://drive.google.com/thumbnail?id=1v-4TvI2y4ZTfTIWF9C41pc7hBc0dNP8X&sz=w1000
3668900592.jpg,https://drive.google.com/thumbnail?id=1VtExQGjjmjLzb7kxg9y7Zpwp1RefiMgh&sz=w1000
3670918456.jpg,https://drive.google.com/thumbnail?id=1bOTA8IYbUmtsSZgxcP6CiQFvas6UXlgl&sz=w1000
3640104986.jpg,https://drive.google.com/thumbnail?id=1iT9Vr0lxgj_Ws36L5WS3j9s-S71QesrP&sz=w1000
3653497668.jpg,https://drive.google.com/thumbnail?id=1y7F9YslJK6Lzp-SNmHFlznXbG4Eyhu6w&sz=w1000
3647750811.jpg,https://drive.google.com/thumbnail?id=1eaxi-E3ZJrouj2xExAfD3WangZ6VwxeU&sz=w1000
3649307685.jpg,https://drive.google.com/thumbnail?id=1F04jU4wx1ByVMfL6sSzpvJya-8AelCcO&sz=w1000
3644469632.jpg,https://drive.google.com/thumbnail?id=1HZgVibx6ib1SJNAWRkJPw8aKUPDKrHSE&sz=w1000
363709975.jpg,https://drive.google.com/thumbnail?id=15XNfy5a05-vPS1uOX6L_QdP5cnbgHqzU&sz=w1000
3618932839.jpg,https://drive.google.com/thumbnail?id=1o9vxCMK-4QdXavkyBBH-KqDfjAaLVQZZ&sz=w1000
3634828052.jpg,https://drive.google.com/thumbnail?id=1hADlLV7xZ6o9yHWMeYlYg-sFJrxBJH0Y&sz=w1000
3621741935.jpg,https://drive.google.com/thumbnail?id=1LlCLX8zpOFQPUK5LpFGLvOX5iymfs_n4&sz=w1000
3621095412.jpg,https://drive.google.com/thumbnail?id=12vWKvssVYTodKHI3fIj63fRMjoY0gk6D&sz=w1000
3623894108.jpg,https://drive.google.com/thumbnail?id=1w3xb97eG61t_X5Yr8U4Iy66G2059D7ux&sz=w1000
3623331945.jpg,https://drive.google.com/thumbnail?id=1J3sIXH9bczAkXPFk4329tXU3tU60WdY6&sz=w1000
3626689571.jpg,https://drive.google.com/thumbnail?id=1VDDGZzFw5EeuLZbi1BFn1pz2OeccQmAZ&sz=w1000
3602437310.jpg,https://drive.google.com/thumbnail?id=1wJCZbwGgKS8MfgyeYRVMb-CgCikg51Bv&sz=w1000
361183669.jpg,https://drive.google.com/thumbnail?id=1SZEtxIQ_lMOOmLSMZz0RnMtF9KikZLvw&sz=w1000
3603870481.jpg,https://drive.google.com/thumbnail?id=1Onxm3Vgdcwrv4k8sz2wStbteUD5JbXLO&sz=w1000
3609027309.jpg,https://drive.google.com/thumbnail?id=1j4Kh7Moqe1jRbimLxlZjDfwPacKF8T-q&sz=w1000
3600525829.jpg,https://drive.google.com/thumbnail?id=1QG78HtWZZVS6uhvRp4ddGaLi0mXXKnH2&sz=w1000
3584829998.jpg,https://drive.google.com/thumbnail?id=1g81g0x9u5V3dNZGQmr8YG4P047RWkUes&sz=w1000
3596356507.jpg,https://drive.google.com/thumbnail?id=1vrlIoVx8IDPA2reGD03XJmaPzE8AYX7F&sz=w1000
358770558.jpg,https://drive.google.com/thumbnail?id=1Y-SMavizJpyQoTMlEz9NOSKyGlcVjg16&sz=w1000
3591078425.jpg,https://drive.google.com/thumbnail?id=1DtPPMNAfmYjBuyjY3-xPqQCk2yAyZFqC&sz=w1000
3596459539.jpg,https://drive.google.com/thumbnail?id=1ehL50UB-PNz_Ro3d4DDS0YqALETmPlDo&sz=w1000
3573269476.jpg,https://drive.google.com/thumbnail?id=1x-Ge3ct7LfPKD8qsHfH1q-CqRciWfx9U&sz=w1000
3571675421.jpg,https://drive.google.com/thumbnail?id=1ny-oDHdcaGLYsr4phYuPXY9RkALsHi5s&sz=w1000
3557886648.jpg,https://drive.google.com/thumbnail?id=15f58bGjHqpp-i1uLG0kYa2zRmVQPSsS7&sz=w1000
3557316485.jpg,https://drive.google.com/thumbnail?id=1woelhGCGaaxLHNo29KsLq2D9VHPdxaIh&sz=w1000
3549997413.jpg,https://drive.google.com/thumbnail?id=1lkE7oAN-mAKQN4s2KP7SlUAC0Csu7Sa0&sz=w1000
3558251719.jpg,https://drive.google.com/thumbnail?id=1EJtsQPCe5ZA9p-26VMjf_GkFB7-Eew94&sz=w1000
3549673305.jpg,https://drive.google.com/thumbnail?id=1l_B46ct1OwAiNbGlTuBx9dmSEWkyKzur&sz=w1000
3532412342.jpg,https://drive.google.com/thumbnail?id=18MtT8xCvn7MyTYkkksE64Xh1T_l8xqut&sz=w1000
3538527033.jpg,https://drive.google.com/thumbnail?id=1g6goOXNxuufp6WgZnNXR_6Hz67fHRwUq&sz=w1000
3536561454.jpg,https://drive.google.com/thumbnail?id=1G096nZtfDqHqWr6Cge29QYbKELrE4jnN&sz=w1000
3537201804.jpg,https://drive.google.com/thumbnail?id=1iY0fUVhGMNWuPeTJ_V9QOyYete5pFKPY&sz=w1000
3524817073.jpg,https://drive.google.com/thumbnail?id=1dQiWlUCFY0ic47ECDEEwssjQf9i7H8JI&sz=w1000
3525841965.jpg,https://drive.google.com/thumbnail?id=1e3udzFSjDwcL8bRsJyXr-Gr0ifBZaemG&sz=w1000
3527572464.jpg,https://drive.google.com/thumbnail?id=12SM4WYdcz3JVgwUEPskwhFfHwR-TcVRT&sz=w1000
3527524436.jpg,https://drive.google.com/thumbnail?id=1gSuXIO4f7YCIqHGngVnwZ_6UoPX3OH0M&sz=w1000
3508051251.jpg,https://drive.google.com/thumbnail?id=1ApuwUrQLVQzyUpGidqdQoDRXPpVLGMIJ&sz=w1000
350443876.jpg,https://drive.google.com/thumbnail?id=1AfbahqicaNhVL7IruagWkhnc1ScUcm3o&sz=w1000
3497805015.jpg,https://drive.google.com/thumbnail?id=1ZHSFZatvB1vA706PrPFxc6e2Jf8Cmxs6&sz=w1000
3508522093.jpg,https://drive.google.com/thumbnail?id=1Q0mabO81YMp6lf6JjaqZxDxkF5ugwhk3&sz=w1000
3510219078.jpg,https://drive.google.com/thumbnail?id=1lolKQN0haUTc0KRgX22elKuvjdx6sfCK&sz=w1000
3504275465.jpg,https://drive.google.com/thumbnail?id=1DkNQ2mURA6OPhzZnG2rz1RE3tRJKwMxk&sz=w1000
3484526708.jpg,https://drive.google.com/thumbnail?id=1ajHqf4xPQHJZxVd4pkaupm2XbQPlXQ8s&sz=w1000
3486768631.jpg,https://drive.google.com/thumbnail?id=1i-Iw2GhNDq1eomDeslVIp0CYczerxeNL&sz=w1000
3497217792.jpg,https://drive.google.com/thumbnail?id=1HtjwCYm1Kwtg6v5T6rN_lXBOIPExjNSA&sz=w1000
3473411697.jpg,https://drive.google.com/thumbnail?id=132Bg-aV_7jooDehjYAUAM8ucSS_8tN18&sz=w1000
3474908743.jpg,https://drive.google.com/thumbnail?id=1bHHBk7Qs4zmbWwgNS1lD86L7-G4mz4hN&sz=w1000
3442978981.jpg,https://drive.google.com/thumbnail?id=1tEX98Lbr5LCvKkWjCCgagBXT6BDqWDkk&sz=w1000
3453313865.jpg,https://drive.google.com/thumbnail?id=1rKROu54QyHERfyuSSOWViU4t2Hg4JgwB&sz=w1000
345326388.jpg,https://drive.google.com/thumbnail?id=1Mdj6jK1Jqokw0QKlhqJnMknLPxYk_OYy&sz=w1000
3450874870.jpg,https://drive.google.com/thumbnail?id=1nUrtPBK9cbYIyI6Zv_D6pAThF5OTS4qU&sz=w1000
3434426931.jpg,https://drive.google.com/thumbnail?id=12HYn5NgynxUciHV-Z2RZ9ygeQxvR6aAD&sz=w1000
3434452829.jpg,https://drive.google.com/thumbnail?id=1bPYiKycopNtru-fgMPnZTaaHKEUWGa_S&sz=w1000
3433062788.jpg,https://drive.google.com/thumbnail?id=1_LbjItPwDCEjQuSt_ar1pTrr8i4bIvSD&sz=w1000
3431792018.jpg,https://drive.google.com/thumbnail?id=1H1ofN3Lky3dTd3-nuStDEkMva2VlfKm8&sz=w1000
3432187474.jpg,https://drive.google.com/thumbnail?id=1stLh2bEhVm1yP66kKAcuwo6DKDWrOSTz&sz=w1000
3437034427.jpg,https://drive.google.com/thumbnail?id=1xj85ZfdVVqlgjfLQyD5VUVuhpJ9-REb7&sz=w1000
3427614912.jpg,https://drive.google.com/thumbnail?id=1EFujN5EoRvNjWSL8I2UZ4eJiwjRe7sIz&sz=w1000
343662720.jpg,https://drive.google.com/thumbnail?id=1ntkvsr2_4srIoYQDfJ5iR31TMyCLseEp&sz=w1000
3439128755.jpg,https://drive.google.com/thumbnail?id=1yMBgDO8ZJCkivvMa7cQfkKiYkeYx0Zd2&sz=w1000
3436259762.jpg,https://drive.google.com/thumbnail?id=16N4jUiJ49woG6mpPZ9kAY-4IJ-5z-pdP&sz=w1000
3435487773.jpg,https://drive.google.com/thumbnail?id=14BPbHkSwGcmD_4xhoyF0r3TRmbDRZiym&sz=w1000
3442242092.jpg,https://drive.google.com/thumbnail?id=11IdnOxODt_IQGhMNdNQTJEsovqCZ6Fa3&sz=w1000
3437315443.jpg,https://drive.google.com/thumbnail?id=1LAEC1-bWaT-D_KRI9sPzra67AvnawYcd&sz=w1000
3414734842.jpg,https://drive.google.com/thumbnail?id=1hjeTsQ3_xgY0Uv1R6E8nCkUOh-QRzwRZ&sz=w1000
3421547427.jpg,https://drive.google.com/thumbnail?id=15ul3ivKxWhu2WnKNBI02s23Er8qzFcNc&sz=w1000
3425069551.jpg,https://drive.google.com/thumbnail?id=1oX4Z5NpAwdNb6WAItvATiBYX5lGogYIC&sz=w1000
3421480658.jpg,https://drive.google.com/thumbnail?id=1YtidyrBQfm4VnekUKgLRKFU-xPGGNj7-&sz=w1000
3422458549.jpg,https://drive.google.com/thumbnail?id=1ZuqX9r3IEx8pferTd2kUopHCxGAD7bPD&sz=w1000
3416925417.jpg,https://drive.google.com/thumbnail?id=1s04IJytndCZ2yEde8PA922v4_l1Yfq-T&sz=w1000
3411335115.jpg,https://drive.google.com/thumbnail?id=13llBt0sa4dDbRPaLVFcZCe0qS22wJO2P&sz=w1000
3382679230.jpg,https://drive.google.com/thumbnail?id=1XlpKD9rs5NpdGyMa3I1Sd02hH0b4g5Fh&sz=w1000
3391317095.jpg,https://drive.google.com/thumbnail?id=1iQh7dHx8Q0mGbtPAAcJi7qbi3GPB89Rx&sz=w1000
3405336889.jpg,https://drive.google.com/thumbnail?id=17yTbT_8bVftzT0CMU6JjsJgYzxaiA5do&sz=w1000
3397310901.jpg,https://drive.google.com/thumbnail?id=1hHFzY6YweUddxMNLqhUkeilxeaBvnkj6&sz=w1000
3383394399.jpg,https://drive.google.com/thumbnail?id=1SzL-xmY-clviSN7V_HsRKXEmEA_kUAaN&sz=w1000
3407317539.jpg,https://drive.google.com/thumbnail?id=1EzSmWHmjypKnC6ZkjQ5E-Go7pAuSp7ab&sz=w1000
3397259310.jpg,https://drive.google.com/thumbnail?id=1dwPTncPjWJ4uiuwWRSVIcZvtt3yJ_60H&sz=w1000
3376435746.jpg,https://drive.google.com/thumbnail?id=1fMGrhhBkg2_02vP-suga9KjzT90kgjUk&sz=w1000
3374223949.jpg,https://drive.google.com/thumbnail?id=1eMXKlg44sB-L44JBhBYdJzowU3YgX35j&sz=w1000
3366571152.jpg,https://drive.google.com/thumbnail?id=1oCWX0zcPCMWSZcGhU9g1ClDvynWdB7a9&sz=w1000
3374384485.jpg,https://drive.google.com/thumbnail?id=1nOCs1KqPBbR14lKTpF2aFY30GU-S80ep&sz=w1000
3366871693.jpg,https://drive.google.com/thumbnail?id=1UT81O9oSxFylsFYggC0yRDu-nvejOJNz&sz=w1000
3376898612.jpg,https://drive.google.com/thumbnail?id=1Kuz0Spo69SxbBvzpfirGE3wXdTwVFA9p&sz=w1000
3368865171.jpg,https://drive.google.com/thumbnail?id=12IGVL7EGdOroE5RxV5AzI21-U-hkY6bQ&sz=w1000
3375843443.jpg,https://drive.google.com/thumbnail?id=1nTxXq8hlNMZ10B8K_vC2NcnjJ-7a1gAv&sz=w1000
3376222719.jpg,https://drive.google.com/thumbnail?id=1iRM-XQfPEBI7DFGAJofyCEqpO7ekFXPV&sz=w1000
3348785391.jpg,https://drive.google.com/thumbnail?id=1yaW5MOFzqHliAoJYayZt_OV8NjZoDE04&sz=w1000
3351360323.jpg,https://drive.google.com/thumbnail?id=1wxT-JvfNjgs-7pEFcuHfmOs1PbqNhLod&sz=w1000
3353770555.jpg,https://drive.google.com/thumbnail?id=11I4rBCaEhpCJ5Iw-Sv0hHgDkjA-U-TWs&sz=w1000
3349955993.jpg,https://drive.google.com/thumbnail?id=1-1rVi0XvkFIUoY22mc3zda4xOdw_Y_lK&sz=w1000
3344204646.jpg,https://drive.google.com/thumbnail?id=1qP48p8dvO7ImwTl_PhwB1K098ARS0z_d&sz=w1000
3343116398.jpg,https://drive.google.com/thumbnail?id=1cfShSCaUDEfb11zqONGYB00YNtx1HnRt&sz=w1000
3335873796.jpg,https://drive.google.com/thumbnail?id=1IYTH7vvu3cp-8EUT8sxI6JjdBjFbpayM&sz=w1000
333973142.jpg,https://drive.google.com/thumbnail?id=1Rv1X_YpUDPfQKofgWuT-TXFDOg-V_NVi&sz=w1000
3331135046.jpg,https://drive.google.com/thumbnail?id=1akvdCHPGgIe2Z2dpn_Nl6jNiQLqZXgvt&sz=w1000
3342483199.jpg,https://drive.google.com/thumbnail?id=1kQITgvMTcWqKZAJep-5E_2weiwQwrrAU&sz=w1000
3326588088.jpg,https://drive.google.com/thumbnail?id=1kld9xwsE7Wdi-RQJ5-KSfKNdFjxTCjuD&sz=w1000
3326273086.jpg,https://drive.google.com/thumbnail?id=1eApqUYht08nx_ASNnGhmt9nZWHSt_OJ5&sz=w1000
3312570563.jpg,https://drive.google.com/thumbnail?id=1P89Ri80IlyvF6yV1GFEy1LBEwU3yPuTi&sz=w1000
3319489465.jpg,https://drive.google.com/thumbnail?id=1vK-Ek9pEtcHMbMMIDCc7jCOj4nEjVwB3&sz=w1000
33064498.jpg,https://drive.google.com/thumbnail?id=1iOiDBtaYZK2paJ8vw5cQAz4ojBfe-yzh&sz=w1000
3307667255.jpg,https://drive.google.com/thumbnail?id=1AiRM4eZ3by7eFu958TQ8Lc54BW-6EiCL&sz=w1000
3295418287.jpg,https://drive.google.com/thumbnail?id=1VdsMVABoZYFDc_ZFUPO62O355LzhCPBO&sz=w1000
330849796.jpg,https://drive.google.com/thumbnail?id=1gRfBGe1AMLpHh-3dBlj8K_C9fPaqwHIi&sz=w1000
3302823368.jpg,https://drive.google.com/thumbnail?id=12wsrIGhUlqnSmZMbQvWGGbUAMDgPltDn&sz=w1000
3282434895.jpg,https://drive.google.com/thumbnail?id=1Tapfn6BL45RRRid3poDMDe5ABi6vRaRT&sz=w1000
3273091032.jpg,https://drive.google.com/thumbnail?id=1lwj91WU4QfOUeK0gKluWh2rY8DeMYBNS&sz=w1000
3278589474.jpg,https://drive.google.com/thumbnail?id=1tlMIYpV9UwZknZ_magRdwvc91dS49O8F&sz=w1000
3276895962.jpg,https://drive.google.com/thumbnail?id=121pM-xrFsFnOyK1Yu4P1zq1p9DobjB53&sz=w1000
3284887033.jpg,https://drive.google.com/thumbnail?id=1N_ybMlnJsBI0u1_6G09Ivp4kVHmMLjE8&sz=w1000
3259883609.jpg,https://drive.google.com/thumbnail?id=1RuCNZEf8Bs6QffeSZpuQsmpJNmYv6Ir0&sz=w1000
3255482333.jpg,https://drive.google.com/thumbnail?id=16S9NNinY0O6q9nUC1dtBwdPfBgqW0EPM&sz=w1000
3249738122.jpg,https://drive.google.com/thumbnail?id=14QawllS87YkQT3WKMJtH8T8_MvbpePFk&sz=w1000
326280022.jpg,https://drive.google.com/thumbnail?id=1lwzY110B6zwB_EmTXcjchGwPfWb1SSmU&sz=w1000
322791392.jpg,https://drive.google.com/thumbnail?id=1hm4tTzbk_NJumy6slKjD6NqOXFO7iRaZ&sz=w1000
3231749680.jpg,https://drive.google.com/thumbnail?id=1ZJSVQXtiemEi6i7Xf2G5vhSq3Xrplp4X&sz=w1000
3227914118.jpg,https://drive.google.com/thumbnail?id=13_bILUFLdYStMQme_K-8XAMrECQyNTQG&sz=w1000
3227594168.jpg,https://drive.google.com/thumbnail?id=1oLORVBnGGtzpkd7R21LwzyBub6yQGEhG&sz=w1000
3236892217.jpg,https://drive.google.com/thumbnail?id=10MGrt8Zr22AuDK7SUYLjNFHQVVdE7DkS&sz=w1000
3216085740.jpg,https://drive.google.com/thumbnail?id=1NPnBrKGgztWvqkL6bdkiSpjqyZB6MqZG&sz=w1000
3205248615.jpg,https://drive.google.com/thumbnail?id=1eoIuVNbVDj86K188rQdkL403f13UosUK&sz=w1000
3207925823.jpg,https://drive.google.com/thumbnail?id=1uy20jyHMqEIVOmpJoNlKQ6qmRh7_JV08&sz=w1000
3215695965.jpg,https://drive.google.com/thumbnail?id=1mg7vxcqHLHaG-N1PQLRc5xgz3I26kIq_&sz=w1000
3208417638.jpg,https://drive.google.com/thumbnail?id=18IdIi71a_W1tMOQwUZRKI7cRlGx_RIcI&sz=w1000
3215913313.jpg,https://drive.google.com/thumbnail?id=1eVuTyzvj7OiZQwaXw3kaKrkZoyDYKZ0Z&sz=w1000
3207343907.jpg,https://drive.google.com/thumbnail?id=1-fWD9nprtcJiNLqiVnmLftXIoT87aTkL&sz=w1000
3219122000.jpg,https://drive.google.com/thumbnail?id=1_w6d3oQdidnjCDMqOOLd3fIQ3qkgm6C1&sz=w1000
3217056901.jpg,https://drive.google.com/thumbnail?id=1956cbn4T42Fs4pOiTgZqmVJTpZ9bXXxg&sz=w1000
3191027142.jpg,https://drive.google.com/thumbnail?id=1W33lrznWulVsC1QfTsUv7sMor0kcwoid&sz=w1000
3191828851.jpg,https://drive.google.com/thumbnail?id=1MeKAptGJosWS9bpFmyHzi4lF2UmdyTq6&sz=w1000
3186265813.jpg,https://drive.google.com/thumbnail?id=1JbmkKywSSoUfxZbweaPOm_IYI1yN1nQC&sz=w1000
3202802351.jpg,https://drive.google.com/thumbnail?id=1Kd-1RRvbnItSkTH6YodwuaThkptiSi_6&sz=w1000
3196557944.jpg,https://drive.google.com/thumbnail?id=1R92x1jBZ9bmGu9o6T2HboZB3S9hUXrTL&sz=w1000
3192645199.jpg,https://drive.google.com/thumbnail?id=19iB0QjkD-Pg0JK3f7N-3-oAa5V3enlWo&sz=w1000
3204500803.jpg,https://drive.google.com/thumbnail?id=1hZraMWYATff341nWlc73Q9MQvN3UYYT6&sz=w1000
3172280520.jpg,https://drive.google.com/thumbnail?id=1Ff93pRZX7KWcp4VgZGivhzCh5y24rXgs&sz=w1000
3184206563.jpg,https://drive.google.com/thumbnail?id=1NtelTjfag6xgwPxoOA8f0fpdGdmoKgUf&sz=w1000
3172239116.jpg,https://drive.google.com/thumbnail?id=1IePTBMw2fVCJ3nRX3ZlxXiWlynvMYWn1&sz=w1000
3179287118.jpg,https://drive.google.com/thumbnail?id=1PvhCcSCtJBei4ykYMMrIHjjLLFg4Yugf&sz=w1000
3175446111.jpg,https://drive.google.com/thumbnail?id=1A4Vju1wwy1Fq6Asw2sH9pY-gryUdtJvW&sz=w1000
3169276423.jpg,https://drive.google.com/thumbnail?id=1Ah-Devafi1-i-RP8fR1f6s6iQ1cRLQib&sz=w1000
317571482.jpg,https://drive.google.com/thumbnail?id=17Ce-ejAvqTtHqbA4eO719UDIvai3SwSS&sz=w1000
3175849727.jpg,https://drive.google.com/thumbnail?id=1e3mI_WFBLa3Ge1s2ZTFd7EEK9k0HHuEJ&sz=w1000
3182996527.jpg,https://drive.google.com/thumbnail?id=1oRKDmSUSN7UbBWGjjcNhX8clP_ItoBLO&sz=w1000
3154152744.jpg,https://drive.google.com/thumbnail?id=1TlDJ_v3sEdDBX_2KzFaoNeSQjFzRfaHR&sz=w1000
3146630574.jpg,https://drive.google.com/thumbnail?id=16OxpaG_Sn15Cqz8LNfbKGtScm8P1Sm3m&sz=w1000
3158327361.jpg,https://drive.google.com/thumbnail?id=170WnQ66v08WoNLC96hElpxW84FOyBij4&sz=w1000
316293396.jpg,https://drive.google.com/thumbnail?id=1Apu8Y2wS3Ns_8U9vLJa6Ij5vx7aKypnw&sz=w1000
3154886184.jpg,https://drive.google.com/thumbnail?id=1TlN2G7cmLpaLrDqDIaHGKIWPSCk8Tiih&sz=w1000
3163068926.jpg,https://drive.google.com/thumbnail?id=19PTeO4BdCbucGLnSqbrvftDTtLAPaqxm&sz=w1000
3146937399.jpg,https://drive.google.com/thumbnail?id=1arjvCv_HM7OWqNKuDje-WhsKVF5ZUeCa&sz=w1000
3157622277.jpg,https://drive.google.com/thumbnail?id=1-5WyeFtrO-Kl7OrPPUwN4LcoW-iUOSQP&sz=w1000
3168326177.jpg,https://drive.google.com/thumbnail?id=1V8hU20gGDOVlrJuaiLWWsJn2V57rq2A8&sz=w1000
3136437458.jpg,https://drive.google.com/thumbnail?id=1tctU2rm1nkEmp39cjTGBWbcSWKKDcH-d&sz=w1000
3120953244.jpg,https://drive.google.com/thumbnail?id=1YUj5ldmFjbLcI_UHGcrrlxz-hl9_4n1s&sz=w1000
3132006797.jpg,https://drive.google.com/thumbnail?id=1DsyKoLM7XgKkmWJ7ja356mommjaeVl5m&sz=w1000
3102819100.jpg,https://drive.google.com/thumbnail?id=1R6jn6JEDc82MyASKioFzaZAjNhAfqkcF&sz=w1000
3119913014.jpg,https://drive.google.com/thumbnail?id=1knRXB2eNdDoYj-2PyRI4ZkynJbG8EHDD&sz=w1000
3117883079.jpg,https://drive.google.com/thumbnail?id=1QVmwbV0_0hKajA4n9DA_EljiJ-KsMgjm&sz=w1000
3094034072.jpg,https://drive.google.com/thumbnail?id=1q2sdx8ZoYwuhn1YWMmHeeEwH9vIdQ0al&sz=w1000
3092200805.jpg,https://drive.google.com/thumbnail?id=13esv2xXqfUZCl8fm45A9T3s2Zf56tayf&sz=w1000
3095225232.jpg,https://drive.google.com/thumbnail?id=1uUevjJT7atvaQ7gXIUfVhKVbAzTkLLZU&sz=w1000
3084380974.jpg,https://drive.google.com/thumbnail?id=1R6njz-j8BBkEtDgUpPvHmD87QV3-g8WU&sz=w1000
3085590738.jpg,https://drive.google.com/thumbnail?id=1ISkQavShhrzXaAQrm5MGs2s46QcDE36n&sz=w1000
3086401959.jpg,https://drive.google.com/thumbnail?id=1ubV5q_9tLCbAmL58qn3PSF8qF-Dfmisi&sz=w1000
3094819562.jpg,https://drive.google.com/thumbnail?id=1qhzxe1tITkb_kzHds0tdcNazhOaM4TYc&sz=w1000
3053415073.jpg,https://drive.google.com/thumbnail?id=1DjYiwF5515fhLmCN0_GzPulMThmyXE1R&sz=w1000
307327914.jpg,https://drive.google.com/thumbnail?id=1KucQxUrBpvkbb-pvSc69JVXPxSQV8Iil&sz=w1000
3069216757.jpg,https://drive.google.com/thumbnail?id=10xr80Sd2_eCTHJNQu5Z1PaeQ4ODcFVze&sz=w1000
3072114570.jpg,https://drive.google.com/thumbnail?id=1ACeEZHHiyAaZcvoGtWHP9wcl3CXoNVQL&sz=w1000
3045613316.jpg,https://drive.google.com/thumbnail?id=1-onlUiBNiSbwCGRXnLvZlOdGCavDynJl&sz=w1000
3036650701.jpg,https://drive.google.com/thumbnail?id=1pNVJFS-dOhhjVBGLY3b1NJfW59lCWQ5z&sz=w1000
303702369.jpg,https://drive.google.com/thumbnail?id=1kG3SDpjs00BjtCinr6Ke7YCt0H8617W2&sz=w1000
3041170372.jpg,https://drive.google.com/thumbnail?id=1gy9o7lY_-PM90i5Tr4p81TTzQVeHvEp6&sz=w1000
3046429283.jpg,https://drive.google.com/thumbnail?id=1BAhMSnWCU6T5FUVPKBs4axG7Ws4PmlY8&sz=w1000
3043908909.jpg,https://drive.google.com/thumbnail?id=1WLG9QKtTfJLJ2nGQKaq4KGvtJTB82wug&sz=w1000
303207125.jpg,https://drive.google.com/thumbnail?id=1R-3YC43jBUSw99moOH23zpr-1zpfUxkL&sz=w1000
3030954073.jpg,https://drive.google.com/thumbnail?id=1OzeaXV7o5DUSkNHiAmSk-bJAhh3LpiBp&sz=w1000
3019441253.jpg,https://drive.google.com/thumbnail?id=1BFRP0DREc3h0JV_Jk1AHNzjGrl8djwTH&sz=w1000
3019864782.jpg,https://drive.google.com/thumbnail?id=1Ycy-GoV7QOzS2InZ1RT-0dKr32sFdKrg&sz=w1000
3029043380.jpg,https://drive.google.com/thumbnail?id=1bux0y7YV4FWoKC9CEjgBZcQUwAig-b41&sz=w1000
3023296051.jpg,https://drive.google.com/thumbnail?id=1o9U2g2pa2tl9yqh_V4kqw-hYJLgA7vot&sz=w1000
3020581544.jpg,https://drive.google.com/thumbnail?id=1qQc8mOp_sSGeTRHtVposwPmb8EIqkdo6&sz=w1000
3029472296.jpg,https://drive.google.com/thumbnail?id=1B89YX4PG6hEWbw4oQi-xO1WExl-O_bcP&sz=w1000
3027255100.jpg,https://drive.google.com/thumbnail?id=1tVV_Hn6anInMBq_k-_8Ev-9KhY6t0jCT&sz=w1000
2991993027.jpg,https://drive.google.com/thumbnail?id=1xWElWVoRHz02KDMkw6Gc7s4vA4Y37_7S&sz=w1000
300577375.jpg,https://drive.google.com/thumbnail?id=1LkGVRQyifGiK7jxFN8fAyeXX19f-I7YD&sz=w1000
3004290523.jpg,https://drive.google.com/thumbnail?id=16QsBP_qZZU_-cBw2i4_y0DZG30Aq0pOD&sz=w1000
3003936696.jpg,https://drive.google.com/thumbnail?id=1SMP0lvMSU_SxbdmjhUc-bVEY-xfURakc&sz=w1000
3001308757.jpg,https://drive.google.com/thumbnail?id=1E7YcpzGsxg_qyM7I2BLqb_jhyZ9Ovzwh&sz=w1000
300148649.jpg,https://drive.google.com/thumbnail?id=1eJpeaqfYW8lcG3qJvWn6O7Ap3r-dSvD7&sz=w1000
2984174290.jpg,https://drive.google.com/thumbnail?id=19My257rsArKHgtnh-jtM1TWTf_JZMUb2&sz=w1000
2965503793.jpg,https://drive.google.com/thumbnail?id=1lXBsIE-HXH4SZiHWGZlZeSZb8pdIDwmp&sz=w1000
2986716822.jpg,https://drive.google.com/thumbnail?id=1D50FnfMVxUXxfvv6F8_H5I9cHZ63KcOy&sz=w1000
2986620935.jpg,https://drive.google.com/thumbnail?id=18h_x5u5CvRHsApQcG7OMWtTuA-AjcHk2&sz=w1000
294655770.jpg,https://drive.google.com/thumbnail?id=1WmT_GO1KVqM_mJQWnWqPd1SAQuuYEw70&sz=w1000
2944025729.jpg,https://drive.google.com/thumbnail?id=1opssxpSm9byO5pHV7739dDXe1i8AByLr&sz=w1000
2944362789.jpg,https://drive.google.com/thumbnail?id=1PnoO7t_qMbBD9RwUZ7k9u6Ky849QI5Qv&sz=w1000
2939464283.jpg,https://drive.google.com/thumbnail?id=1zNjWJCHDI9ecxI4oryGmhVl475R13Q26&sz=w1000
2959500257.jpg,https://drive.google.com/thumbnail?id=1_STLh81zzAKMfB4Mv7h2JO3dGfYw6zkd&sz=w1000
295344517.jpg,https://drive.google.com/thumbnail?id=1FhSMZErgLZ8Bi9GV0-a5h-8LL76KGfEm&sz=w1000
2944836001.jpg,https://drive.google.com/thumbnail?id=1vwkb6zvOYym518QKNOGWpEZ-zF0CFGOK&sz=w1000
2933912528.jpg,https://drive.google.com/thumbnail?id=1N1lcpR2jaq6ARj8-y7WEGrWZjaAsJn9h&sz=w1000
2928580824.jpg,https://drive.google.com/thumbnail?id=1hzuxk7UsFPkSI3p4UrX-kA-cUHuGcMJR&sz=w1000
2935703360.jpg,https://drive.google.com/thumbnail?id=1SC-KZ4YS0Po9mFqGAPSJOP3w-Xza0Z1k&sz=w1000
2925160864.jpg,https://drive.google.com/thumbnail?id=1PR40lekGycIossH25q9EFYenAjEumhqD&sz=w1000
2918653119.jpg,https://drive.google.com/thumbnail?id=18NwqTW2u_nTGEgE09wwWQwIWd-XD15-h&sz=w1000
2934837034.jpg,https://drive.google.com/thumbnail?id=1UqgU5GEZwskxiGnH2k6KK57s1wm6EwpK&sz=w1000
2926675936.jpg,https://drive.google.com/thumbnail?id=1ZO4XVwGZ1umKT4odf1AoRot9AYz7qDn_&sz=w1000
290650302.jpg,https://drive.google.com/thumbnail?id=1ePeDdxa6FONax4rFj_tQ2B0piVJWsjpm&sz=w1000
2904601886.jpg,https://drive.google.com/thumbnail?id=1FmUzzfTQ2L5NYnPEGCpk5TXQlwpm52uv&sz=w1000
2915698477.jpg,https://drive.google.com/thumbnail?id=1s8Fpw9XwAS0HaxV2vrONx9ul87SqoCTD&sz=w1000
2901462003.jpg,https://drive.google.com/thumbnail?id=1AvN2RCCNH8ePb_C3YCTvBR7PC4HnFK0L&sz=w1000
2899594400.jpg,https://drive.google.com/thumbnail?id=1tRJ5Wiw4MOGICHXlETsiifzkrWxsDG-y&sz=w1000
288261862.jpg,https://drive.google.com/thumbnail?id=1NJSnF_eXX7rgmP1sHAKsNAdOLGliifwH&sz=w1000
2888408966.jpg,https://drive.google.com/thumbnail?id=1Tu7gOtdPOjNBTaNOhQuRX7RoyuA5QYSd&sz=w1000
2889346148.jpg,https://drive.google.com/thumbnail?id=13fC7M6HABjc7jEwXiHBbuGrwGfSgu2NJ&sz=w1000
2889481764.jpg,https://drive.google.com/thumbnail?id=16_60hsT6P3naVshg8vD9w8xfvZXx4wVP&sz=w1000
2891240104.jpg,https://drive.google.com/thumbnail?id=11MSy_od-tVPlv5RxnYwt0fOZMXaBOU3V&sz=w1000
2894893895.jpg,https://drive.google.com/thumbnail?id=1sXgdnQjMaa3Y47BzC-NVH3NaeI9G-5pX&sz=w1000
2889358507.jpg,https://drive.google.com/thumbnail?id=1_O9RTGdtc6Frg9o1QTpa-2yFFRVl-9Dn&sz=w1000
2863042793.jpg,https://drive.google.com/thumbnail?id=16D6b2giNIZ1t8yM8JciDBrXXK_Zh6V8A&sz=w1000
2872903075.jpg,https://drive.google.com/thumbnail?id=1IW9bGlqcUR6ieX3pvkR6EEcl7G5tcttP&sz=w1000
2864854530.jpg,https://drive.google.com/thumbnail?id=1SIp1u3CR_DIVKctD9Dee6g6QnmSrClGW&sz=w1000
2878578240.jpg,https://drive.google.com/thumbnail?id=17hExYxDOoxyWXRgIL0eQyIbVjvok_Rm4&sz=w1000
2855417531.jpg,https://drive.google.com/thumbnail?id=1XiqjxocyinFx4dMKsk36f2I2TveYPQGS&sz=w1000
2851931813.jpg,https://drive.google.com/thumbnail?id=1wIbCQBb2bZ9SnhBAE5cy4Dt-Q4IZMDAm&sz=w1000
2844747252.jpg,https://drive.google.com/thumbnail?id=16GEF8282ebnkU8q3H70Wd5ayxci7-im5&sz=w1000
2856923934.jpg,https://drive.google.com/thumbnail?id=1OEytt-xZCCJnaaWNwE4Fp0uzclrau0uJ&sz=w1000
2849852340.jpg,https://drive.google.com/thumbnail?id=1pt4_rI57TudtUoO-qHTnktoxgDwheU6l&sz=w1000
2858757067.jpg,https://drive.google.com/thumbnail?id=1_zDNCIIK1FqIV5O4VVHp7SKW9pDM8S-y&sz=w1000
2857473929.jpg,https://drive.google.com/thumbnail?id=1h3El3H6TBSSA6GEtjvGvCqxoMndyc1fu&sz=w1000
2841196844.jpg,https://drive.google.com/thumbnail?id=13HlJkClUA-k-wgd6-pi5vXu94VG0CQAA&sz=w1000
2858866547.jpg,https://drive.google.com/thumbnail?id=18rNJAMJwh_BZZKbpUI2xJ8aP_F2GRXiW&sz=w1000
283614756.jpg,https://drive.google.com/thumbnail?id=1IY1_ciRQ3ZcxkPWC9oqif6TPoLrSEarm&sz=w1000
2824922268.jpg,https://drive.google.com/thumbnail?id=1KKSPTSnRjVSNTGaqRFqWLio19cL0-84e&sz=w1000
2827549989.jpg,https://drive.google.com/thumbnail?id=1Fi97MqITewhmzK2S-wg4qbKQZAljWnvT&sz=w1000
2838085973.jpg,https://drive.google.com/thumbnail?id=1JK0BavqBhywRJK_K-KwUHHUfmEWVLxYf&sz=w1000
2830561413.jpg,https://drive.google.com/thumbnail?id=14pkz8-4qx1JEZ_-7Lf4KcoKUdEc1ygze&sz=w1000
2826647354.jpg,https://drive.google.com/thumbnail?id=1BYw77YIBZd7Jjc7jzrY9dTpdH12Uges-&sz=w1000
2805873509.jpg,https://drive.google.com/thumbnail?id=1qK2pehNtEKkaviw9nOeNnPcTJBpJ4rFG&sz=w1000
2810412010.jpg,https://drive.google.com/thumbnail?id=1rj8PD7aaTSThS5WNOAq87TjvJaregeUq&sz=w1000
2818336787.jpg,https://drive.google.com/thumbnail?id=1rwz_aOauIjEC-K997pMjokC7rtL0Hyoq&sz=w1000
2817414272.jpg,https://drive.google.com/thumbnail?id=1iyI-46-n5cKU5wXPHXn7KZKgav_s5up9&sz=w1000
2815745115.jpg,https://drive.google.com/thumbnail?id=1ujou7ClyEVT5fcPgshmpuPZZjuv2qTN8&sz=w1000
2817686385.jpg,https://drive.google.com/thumbnail?id=19dApfIedp-BSDBbbtbu4OiicnYfhX1yw&sz=w1000
280608840.jpg,https://drive.google.com/thumbnail?id=1Wpv3_Kx2yY0AZiimZ2fOvREV4XAMptSP&sz=w1000
2816259113.jpg,https://drive.google.com/thumbnail?id=1TNLVDnEqvApGxxkybM2B2KsSRMx2lRkd&sz=w1000
2806447.jpg,https://drive.google.com/thumbnail?id=1dWEwL6nhRg44HWCR0TwDvWkOJmIwh71m&sz=w1000
2777101492.jpg,https://drive.google.com/thumbnail?id=1GzMvyKfp5ro1bACt4jpDUiCW-G8n5V2N&sz=w1000
2774875318.jpg,https://drive.google.com/thumbnail?id=1ZqeixI0tgKi1aq5rMU9-vtP4-1W5Fjmw&sz=w1000
2786423708.jpg,https://drive.google.com/thumbnail?id=1XltHgZ7f2jbKilv7UjjVDVbgUmU8NiSd&sz=w1000
2778965398.jpg,https://drive.google.com/thumbnail?id=1fgU0mu82LveHodR7OuAJ-iqQKBpdRnEg&sz=w1000
2775249812.jpg,https://drive.google.com/thumbnail?id=1bb9Q8HC8O_vlwRtAZT3DUNrE3PTBp1wF&sz=w1000
278559394.jpg,https://drive.google.com/thumbnail?id=1Bm1M-7AGlQGpxVDX1s7rnA2XNOGEj8Ww&sz=w1000
2785408815.jpg,https://drive.google.com/thumbnail?id=1ZTM52IVo8p4Zk-7rl8H0HTBb5qb2p38p&sz=w1000
2774548618.jpg,https://drive.google.com/thumbnail?id=1p6_US2URgBXyMxKTvZV78_R_RnUv00j_&sz=w1000
276598014.jpg,https://drive.google.com/thumbnail?id=1PVVnocXyYkySI355kNkbZq7kp0iLVuPv&sz=w1000
2771214516.jpg,https://drive.google.com/thumbnail?id=1OISekzGOCiHlZL_m8TKG5bsB79wpiPAe&sz=w1000
275401000.jpg,https://drive.google.com/thumbnail?id=14807XaNnqITm717NP7lSIUBZEH1BaTlb&sz=w1000
2762594886.jpg,https://drive.google.com/thumbnail?id=1xTI8M0k0oJSo_9BsFzvxkqdwwqRI0uJD&sz=w1000
2747637478.jpg,https://drive.google.com/thumbnail?id=1uzpNQvmRuaMz8SqOhJH8HYqfQ2WW1ymg&sz=w1000
2747895243.jpg,https://drive.google.com/thumbnail?id=16pbkhyb1TJR1Kv0TsgHPWRLQwgOg8s0k&sz=w1000
274646416.jpg,https://drive.google.com/thumbnail?id=1CtGnuWbaNIc_0R6d3KqM-pTYlIpJYAAC&sz=w1000
2735558076.jpg,https://drive.google.com/thumbnail?id=1Ocs7x7--Fp_oJzPk3bpRafl3i9US27Nj&sz=w1000
2744571595.jpg,https://drive.google.com/thumbnail?id=16lDB052KSNWq42m8GjrCsXz5nutZMm4C&sz=w1000
272283076.jpg,https://drive.google.com/thumbnail?id=1Qrwo5CjPGazDqMxiBhfll0raBt0b0FiG&sz=w1000
2708744743.jpg,https://drive.google.com/thumbnail?id=1cKjvIDzDkl6ZUbIFDH--ZFpX7HXrWzT-&sz=w1000
2729655904.jpg,https://drive.google.com/thumbnail?id=1qKH2bP7HfrbL4HzEzj-mmPNRyzP87r5N&sz=w1000
2725025738.jpg,https://drive.google.com/thumbnail?id=1Vvcwx7hS8XNhefSU4FYpguI4ZwnCSmwo&sz=w1000
2726180005.jpg,https://drive.google.com/thumbnail?id=15fQotq1qoZMr25_hMqMnqKnTLt1vNoNq&sz=w1000
2708775214.jpg,https://drive.google.com/thumbnail?id=1xCB5dXWj2bI24wkEOZH04LnYkQg3Rzzb&sz=w1000
2705099581.jpg,https://drive.google.com/thumbnail?id=1SBu993ujcD2gkT0foGiMKp3vPzIfE8Na&sz=w1000
2705925058.jpg,https://drive.google.com/thumbnail?id=16z7YOJldCWuS-UauYI9Y2uitqnxG3TXf&sz=w1000
2703515269.jpg,https://drive.google.com/thumbnail?id=1msf5d28P-uxUxGb0JPqMv3LXdIeolb_E&sz=w1000
2691966747.jpg,https://drive.google.com/thumbnail?id=1viUPGmWvOtN6ya_F7phPwXW4G-_QWUic&sz=w1000
2691147709.jpg,https://drive.google.com/thumbnail?id=1QvbRoW4ZhvJGeLd14_GPEqcQC833naQG&sz=w1000
2707244524.jpg,https://drive.google.com/thumbnail?id=1_Y8C1egx7crOqFtOK1TbwyPQWqB24q9p&sz=w1000
2700728302.jpg,https://drive.google.com/thumbnail?id=1WbGeJ3EEXjX3tdnYoEs2eSNkjNgcF4Pj&sz=w1000
2695004728.jpg,https://drive.google.com/thumbnail?id=1eA699XVO2SlTZhEhExNWXMeL4P094TDD&sz=w1000
2687229880.jpg,https://drive.google.com/thumbnail?id=1etmcP28v0aBihV8g34CgVp7MdWeGlIl3&sz=w1000
2672588619.jpg,https://drive.google.com/thumbnail?id=1azQyTEbmpHUPUsESF_LnVfaaXKN7M0bm&sz=w1000
2686849571.jpg,https://drive.google.com/thumbnail?id=1tHUvtF0s4A24UJZSCOW6dscTHRyY6iRr&sz=w1000
267821422.jpg,https://drive.google.com/thumbnail?id=14J_zxHS-t55vzD4HhyNaSsIPxCj6eo8F&sz=w1000
2687539673.jpg,https://drive.google.com/thumbnail?id=1y6Z2B7_rWcgoKDem2Oe-E6psT07LcMRV&sz=w1000
2668508174.jpg,https://drive.google.com/thumbnail?id=1Xfvb4wa3FUqK-3vqbkRR3aqe5aH-K_er&sz=w1000
2642474867.jpg,https://drive.google.com/thumbnail?id=15g1SWQRinZJ8M-mnx1Bp0Tenxlor0sGp&sz=w1000
2643263887.jpg,https://drive.google.com/thumbnail?id=1jpMLGUnLHuI845PX8kq3u27gBe63dIaC&sz=w1000
2653493856.jpg,https://drive.google.com/thumbnail?id=1b9-lVHNdAzKcCXfhOFCcu6RoyA0CBrCj&sz=w1000
2657592654.jpg,https://drive.google.com/thumbnail?id=1HFU2vKn0eumAyC1kRq2TjhMY9qCP1Awt&sz=w1000
266050467.jpg,https://drive.google.com/thumbnail?id=1PmPgA5c350Av_RiJutKNNqYlEFN6_m56&sz=w1000
2618866067.jpg,https://drive.google.com/thumbnail?id=1PHjT6pXEk7EXcZxUhvrlxs9alAzVshYv&sz=w1000
263428541.jpg,https://drive.google.com/thumbnail?id=18IWV77Z5n4TmZ4PlbKXzx4iHIP2evxlk&sz=w1000
2633396041.jpg,https://drive.google.com/thumbnail?id=15wEvrX911zsUxkL9G1qVQi68SoBNTS0u&sz=w1000
2628745411.jpg,https://drive.google.com/thumbnail?id=1Jow6igquwDrYDX72TibOE3bv0CWEU9fI&sz=w1000
2633201394.jpg,https://drive.google.com/thumbnail?id=1zSXMhr9CfptdKDIuh7geepXjAAA0p4nf&sz=w1000
2616561200.jpg,https://drive.google.com/thumbnail?id=1wxo_-X1kYtOTvDqJMVHsWzUcTi0YI15M&sz=w1000
263912241.jpg,https://drive.google.com/thumbnail?id=1r_fR-KTME-ZXK2FfZG6dGEjCiuMxKxOj&sz=w1000
2633069263.jpg,https://drive.google.com/thumbnail?id=1j7Vr0mJ0iVrZefMmAYk5D87KOBh5wTvb&sz=w1000
2601746926.jpg,https://drive.google.com/thumbnail?id=18BzYhSd5kZgFFz5hWEyuUXlKnyBD76Ux&sz=w1000
2602905768.jpg,https://drive.google.com/thumbnail?id=18HR8abGRzKQ7ZfEonMA6GvWu0jrV6kmD&sz=w1000
2595568972.jpg,https://drive.google.com/thumbnail?id=1_ij0b9nNaR4x_epo_Ou-gjc_G-86s3tH&sz=w1000
2612781974.jpg,https://drive.google.com/thumbnail?id=1bGhlVsR6hCX9L9gF8t4JHvV-7miDm2ns&sz=w1000
26067618.jpg,https://drive.google.com/thumbnail?id=1gDjce8fTQjrKPuC21jbywlbjdR7NTYo6&sz=w1000
260392919.jpg,https://drive.google.com/thumbnail?id=1OhfNXamJaGWKh11jM9TXXQGAtvvDOGRz&sz=w1000
25817944.jpg,https://drive.google.com/thumbnail?id=1WJWhJLxCDArhFtLZMg96hF7RGgtl4Ssi&sz=w1000
2583635522.jpg,https://drive.google.com/thumbnail?id=1V0NH0Sos2EAnPX5pe_OzwdtQP3N7JxVp&sz=w1000
258089565.jpg,https://drive.google.com/thumbnail?id=1k2XYVRuFQZcRhJyqNBMv0Di-I1gThRek&sz=w1000
258007701.jpg,https://drive.google.com/thumbnail?id=1PsDHH4Vxc1iCypv3hAQl55AG6s4_ERYj&sz=w1000
2564144246.jpg,https://drive.google.com/thumbnail?id=1sSuSMlpgqaYEJNB0iQd7E0y4OHPADPmo&sz=w1000
2552419863.jpg,https://drive.google.com/thumbnail?id=1AYX6nKJayeaN7V-9zyahcybAHrXBj-YR&sz=w1000
2557059247.jpg,https://drive.google.com/thumbnail?id=1ugqyI48ZvCF3DOWqU2eFmxJUKtrn1s_p&sz=w1000
2563043367.jpg,https://drive.google.com/thumbnail?id=1rzo1vLRLECj3iQodUIdCdcA_mp38hOLe&sz=w1000
2552419863.jpg,https://drive.google.com/thumbnail?id=1W5bI6p1kp177REvgll13cfsa4V2sLtLY&sz=w1000
2557129157.jpg,https://drive.google.com/thumbnail?id=1VLW_6EejWTgWeR0LAUtg19G8fbPAQ8C6&sz=w1000
2566142607.jpg,https://drive.google.com/thumbnail?id=1zcfABCCK9OfRX-vxLsS3qDq5Uxz8xIUc&sz=w1000
2544246151.jpg,https://drive.google.com/thumbnail?id=1iHyEeq0K7zaXnkCwnwlF7XD6qsZv9qzQ&sz=w1000
2540972205.jpg,https://drive.google.com/thumbnail?id=1RG2hv0B7zkZFiZHpanrfNXbeVOzrZnn1&sz=w1000
2542285730.jpg,https://drive.google.com/thumbnail?id=1B-lHMC6S2xlqKqSiaDqw1B9VCLfKKVln&sz=w1000
2547956926.jpg,https://drive.google.com/thumbnail?id=1DZNF8tRS2ZJ9G7nHOZLCqkf09z3-0kgB&sz=w1000
2537624884.jpg,https://drive.google.com/thumbnail?id=1Tjj-NYf7kWcURm8wSniBpNV7vrNO_Y8R&sz=w1000
2521062020.jpg,https://drive.google.com/thumbnail?id=1nHSFdfR7f4AXm3Zp6r7wE6wTlOmyhrEb&sz=w1000
2519585357.jpg,https://drive.google.com/thumbnail?id=1AXDQetYfUSkDTcz_3RLJmxGnjS3m9SqS&sz=w1000
2530455664.jpg,https://drive.google.com/thumbnail?id=1yV67J4wFMH29IRDb3wddBGJ3r1xMQ1OW&sz=w1000
2525666287.jpg,https://drive.google.com/thumbnail?id=1RIkd2KjEpMAAh5bG1yo788KlCvK_I-WW&sz=w1000
2536004597.jpg,https://drive.google.com/thumbnail?id=1XL3TT6z7-JapnMpa-RXWVtj2MrIcT81i&sz=w1000
2515372403.jpg,https://drive.google.com/thumbnail?id=1hkNDRBKqcpI3zWZe3XAfts98Kaj1dQe5&sz=w1000
2525666287.jpg,https://drive.google.com/thumbnail?id=1RFPYa1FgMAddSXxEaz0-ygC9IlWVdgRF&sz=w1000
2503169353.jpg,https://drive.google.com/thumbnail?id=1NdOfdXpfp7lseAmVfSW7muA_oJxStWu5&sz=w1000
2500785647.jpg,https://drive.google.com/thumbnail?id=19bQBfjX9XMrFLT2ciYb3bVJzwl-wtRs6&sz=w1000
2500354186.jpg,https://drive.google.com/thumbnail?id=1vP3rBJgCTiKyZgU2Hbu4QEqJuFoMMU8i&sz=w1000
2508548748.jpg,https://drive.google.com/thumbnail?id=1BUyaHDEEuS6SgZPTa2rdtecTamdhZwQE&sz=w1000
2511565376.jpg,https://drive.google.com/thumbnail?id=1GFLiqDzulebNYTI5Acqh4qPoCzWRZvBn&sz=w1000
247470362.jpg,https://drive.google.com/thumbnail?id=1lT-1NzlBDS85PqMPBTfACuQfG4rnanV5&sz=w1000
246941783.jpg,https://drive.google.com/thumbnail?id=1BFSulFFZKttyEy96xCz3wmDQdf9G-ghF&sz=w1000
2467856402.jpg,https://drive.google.com/thumbnail?id=12rgnynFJiYiNhzMm-7KaIyvXbR42NNls&sz=w1000
2481116473.jpg,https://drive.google.com/thumbnail?id=1FdVywn35K7x6rQ9znGApAo0U9sxqjhn6&sz=w1000
2446842020.jpg,https://drive.google.com/thumbnail?id=1Cg5mYmQ_ayY4HL1ZEMR2xTq-QxApSV6y&sz=w1000
244760289.jpg,https://drive.google.com/thumbnail?id=1gW5YhQgABG0U72k9aNhKAYss6jPCotyl&sz=w1000
2461641877.jpg,https://drive.google.com/thumbnail?id=1RXZL-uK2rlYKVWKylCuC_oz4T5uijDa1&sz=w1000
2434006663.jpg,https://drive.google.com/thumbnail?id=1ybAzkaHnXcJA-X8NAsIJDRcoP5L0rdOH&sz=w1000
2436897339.jpg,https://drive.google.com/thumbnail?id=1kLGjXo4XRBz1ZXctzpHV5MW7GQJv_ufc&sz=w1000
2442012496.jpg,https://drive.google.com/thumbnail?id=1UewHA0eE3Rruj3w4zu7rhLoy07-h7rKx&sz=w1000
2422302286.jpg,https://drive.google.com/thumbnail?id=1uDbFXUL0rFfTq4WoRELCItQAxQEl8q79&sz=w1000
2424111022.jpg,https://drive.google.com/thumbnail?id=1B9vZBiuX8vf7MuiFTYjE9ZDm9B7Fxdn2&sz=w1000
241346580.jpg,https://drive.google.com/thumbnail?id=1Cymv12CSyL5_lfDzuxeE2Vdk-gN8sp5H&sz=w1000
2424250856.jpg,https://drive.google.com/thumbnail?id=1GFHFeyCXymsqQxodauyEmD2drGPPkDoN&sz=w1000
2423277850.jpg,https://drive.google.com/thumbnail?id=106TYbOvqeBe3flnEdPwnE5OKdlbQ6iff&sz=w1000
2423085253.jpg,https://drive.google.com/thumbnail?id=1rXlpBsxSVO7AgEBklwfB6VTDJ0voeZuN&sz=w1000
2385079235.jpg,https://drive.google.com/thumbnail?id=1uyh1C2fPZpB9GP1LXCzzB72ECPDBg2qz&sz=w1000
2386635533.jpg,https://drive.google.com/thumbnail?id=1B1FE4SzmsRKK78drY1NKeoxLW0QvaiwS&sz=w1000
2387494200.jpg,https://drive.google.com/thumbnail?id=1QRu3LkpqY1NGJJI_d7RAL3xC08T65GI4&sz=w1000
2391048897.jpg,https://drive.google.com/thumbnail?id=1I1fv1a_HHNhAjngD5kCzVZAC1_nM5C6X&sz=w1000
2382326464.jpg,https://drive.google.com/thumbnail?id=11Pt7AH8-0FsVokAawz1xRmSaYLgdiJh2&sz=w1000
2381926946.jpg,https://drive.google.com/thumbnail?id=1v0pHpEZISjIKrmPOZRmmZs1uodNJlqFt&sz=w1000
2390778197.jpg,https://drive.google.com/thumbnail?id=1qrAoqG8gGoDkp8GB5iqE1iBKYJjTh_jc&sz=w1000
2397886149.jpg,https://drive.google.com/thumbnail?id=16DL9wfB9ztgXapOuRhub8UlV64zKVN_k&sz=w1000
2366643786.jpg,https://drive.google.com/thumbnail?id=1FYLT1gGUV2Kvs0asv_WZ3RU9QASjfR7p&sz=w1000
2362481035.jpg,https://drive.google.com/thumbnail?id=1C8-FV89Gu_6faFzi0Ry2TGkA3hxMA23t&sz=w1000
2379150102.jpg,https://drive.google.com/thumbnail?id=1TIisgdRU2Z0YP6sDo1TVIjVs5nlTRPuX&sz=w1000
2358898017.jpg,https://drive.google.com/thumbnail?id=1oNR5OkZyGxRYiNo76v0iN_e2E4V3hNkR&sz=w1000
2374570771.jpg,https://drive.google.com/thumbnail?id=1W4rQoBg31NAFvo8gbB6TKkn5DhNJ2lGt&sz=w1000
234374711.jpg,https://drive.google.com/thumbnail?id=1KJUpGraOKC5BZcKzN6Ot58OH2h8M01Un&sz=w1000
2354366043.jpg,https://drive.google.com/thumbnail?id=15LQKZcVAxEBxHcYKkezgzXrm8bgQjgCQ&sz=w1000
2339946012.jpg,https://drive.google.com/thumbnail?id=10aT3G-NE_ZEGKNX0NyFN9HKOkKSQr7dL&sz=w1000
233207548.jpg,https://drive.google.com/thumbnail?id=1GaHv9EF5_Sqq2AGZGMdxCcVYHg2At60m&sz=w1000
2339106348.jpg,https://drive.google.com/thumbnail?id=100aVSNsQbSm5OKg2-wOHklc4XmABLDbj&sz=w1000
2353504999.jpg,https://drive.google.com/thumbnail?id=1c6Xa02G-lYRKSQxP5fA9hf5c2dp97tCF&sz=w1000
2319175397.jpg,https://drive.google.com/thumbnail?id=16vhad-LGsz4C0KgrwNT7eBcrbrkbdS1r&sz=w1000
2319954644.jpg,https://drive.google.com/thumbnail?id=1yHNriCJt_3W4AIBtUPLFT5KsFhYGC_-3&sz=w1000
2328016702.jpg,https://drive.google.com/thumbnail?id=1iFKO0WRS7qNuldLIJmWOECjRO31ZqTHK&sz=w1000
2315464116.jpg,https://drive.google.com/thumbnail?id=1FJpfBUEh6jwmuhT2xqmGjF46VV2hdHn3&sz=w1000
229565492.jpg,https://drive.google.com/thumbnail?id=1J8Sq6hSwJd87uKMaYrerCTaEQRU1LTtU&sz=w1000
229169021.jpg,https://drive.google.com/thumbnail?id=166LHo860Hk2QOpeO0cV_ggLStSYdAFIP&sz=w1000
2288988751.jpg,https://drive.google.com/thumbnail?id=11Lbhiev-bjHvESdcySZuf8Ww_kSRpKpS&sz=w1000
2303951441.jpg,https://drive.google.com/thumbnail?id=1oB1irPMy2s96WuwR-6tDzp-9Zt7lj6xs&sz=w1000
228822815.jpg,https://drive.google.com/thumbnail?id=1OlucLTAn2PbGu4eTClQAXHyf1yvfvipJ&sz=w1000
2288988751.jpg,https://drive.google.com/thumbnail?id=1McuHIAjeYQfcPfc3gzCNdtrpqUnDEwRx&sz=w1000
2291485126.jpg,https://drive.google.com/thumbnail?id=14vY1qkomi6yhEf75bxie-7oIL1EwnM4V&sz=w1000
2261962622.jpg,https://drive.google.com/thumbnail?id=16dLwJiOWru0h_XVoTblQ7WZ5FzYDK3_j&sz=w1000
2264316030.jpg,https://drive.google.com/thumbnail?id=1hdioH3OGdV6rBwGqJbe4fJRXZS8IgHQn&sz=w1000
2273028514.jpg,https://drive.google.com/thumbnail?id=18HED9j0Vt3OrdK6jvtytoO552hGthskk&sz=w1000
2268986632.jpg,https://drive.google.com/thumbnail?id=1eKlc8alq620XIlcXB38h0v9iod6r-Y-T&sz=w1000
226310412.jpg,https://drive.google.com/thumbnail?id=10jAUQO15GCLNC0BLPbYz8h_JGBIjS87S&sz=w1000
2280354512.jpg,https://drive.google.com/thumbnail?id=1q_ZOgUx_3Ke1Z2ctpARvXITLwENhnMMP&sz=w1000
2268986632.jpg,https://drive.google.com/thumbnail?id=15hBrbAfeYkF2WRVsg6X6tPBGIE_rE5gi&sz=w1000
2251830139.jpg,https://drive.google.com/thumbnail?id=1Fkj3YQaTSh3Gftl7WMaalnwwJqZwwnel&sz=w1000
2252635585.jpg,https://drive.google.com/thumbnail?id=1l9gAOGBkkKBVSXE1r3O-ABfL1-N9tE6J&sz=w1000
2247192427.jpg,https://drive.google.com/thumbnail?id=1JTdbq7QXV53V_6MVuxLTmfZqd44kfcYt&sz=w1000
2248487956.jpg,https://drive.google.com/thumbnail?id=1zTZJjpckgSea3NcGiV9ZFYW_KSW3MLpL&sz=w1000
2259203920.jpg,https://drive.google.com/thumbnail?id=1yFX1TWUp87RfjefUTpHZMqAljTdD4Ytb&sz=w1000
2240539658.jpg,https://drive.google.com/thumbnail?id=1kBCz1gNiyDeOx_phEFoG6Dm1j9fBioN7&sz=w1000
2238019823.jpg,https://drive.google.com/thumbnail?id=1ysdfP9hpWNQynkjP9WUweNHt7WvCyEGO&sz=w1000
2245777475.jpg,https://drive.google.com/thumbnail?id=19hirzspVTTukz3XzWsuVMj6Nekul06RZ&sz=w1000
2242559074.jpg,https://drive.google.com/thumbnail?id=1r24Villp17-oKhCil-LhrEP8DNK31Es3&sz=w1000
2214596481.jpg,https://drive.google.com/thumbnail?id=1DuCPU8VCrR_zoXdjmWzsWU_qVnFfMGvC&sz=w1000
2213615142.jpg,https://drive.google.com/thumbnail?id=1Xyr0m5PFKjXrISOE7gb-lPlr8arkJ4Ap&sz=w1000
2219522227.jpg,https://drive.google.com/thumbnail?id=1zK8BglF307zB8mF65EB72-jKtLaGZ_k1&sz=w1000
2225385013.jpg,https://drive.google.com/thumbnail?id=188HAVNNODXd6I_YgYRpn9YIdl8O6l38q&sz=w1000
2228619706.jpg,https://drive.google.com/thumbnail?id=1ks-LiN_qr169Edd4ZQfpKn34evkVkiba&sz=w1000
2215975928.jpg,https://drive.google.com/thumbnail?id=1QRjnK3BaoIpRH2MJrDmeQ_Kk5rmlLVg4&sz=w1000
2201202388.jpg,https://drive.google.com/thumbnail?id=1ndThG3ady7Z5PSVXZrruaeBrDY7tqKUK&sz=w1000
221024576.jpg,https://drive.google.com/thumbnail?id=1rIQXiMkOsjpzI6Juf3mvJgnSIwFIKNxy&sz=w1000
2200901777.jpg,https://drive.google.com/thumbnail?id=1CiLpxwaLDaQ9PqIHr79Q8cDPQYr-d6PO&sz=w1000
2208055895.jpg,https://drive.google.com/thumbnail?id=1ExRMMTl5LLxWVb1kIDVLXcMnk3FcwVCb&sz=w1000
2204550058.jpg,https://drive.google.com/thumbnail?id=1xH5zJg9fnDcLB49op6oRHjGUbcT4mx17&sz=w1000
2184817596.jpg,https://drive.google.com/thumbnail?id=1dQgoEq1ncpnK4fwXgCxjZULlZ00tV_CO&sz=w1000
2175631995.jpg,https://drive.google.com/thumbnail?id=1No_IsYWpE1TtAd6UFw9jtvt_2Dv-tJhc&sz=w1000
218225539.jpg,https://drive.google.com/thumbnail?id=17IRGG8OtcNYiF4etZVlIXx0L_h7vXVkn&sz=w1000
217583047.jpg,https://drive.google.com/thumbnail?id=1E6L4EesfQh89o2hJrR3UjlruEq7vNGbU&sz=w1000
2164018393.jpg,https://drive.google.com/thumbnail?id=1AlcqU9w0d7aVzUpfHI1XE_VzJ4m5lfYQ&sz=w1000
218004295.jpg,https://drive.google.com/thumbnail?id=1V883oXT8rKld8-7ly91ueOvbODGJQ8qv&sz=w1000
2182575588.jpg,https://drive.google.com/thumbnail?id=1yzvri4_rcd7vwh8Beso9TOlu_yM8Y7S8&sz=w1000
215529847.jpg,https://drive.google.com/thumbnail?id=11CaaT8eNvVQAKXrOpe_bVjaN9PO153nf&sz=w1000
2167711328.jpg,https://drive.google.com/thumbnail?id=1_Nc0nzIHyBnFLPby5Hs-ZZZVX2g3VGAU&sz=w1000
2156331904.jpg,https://drive.google.com/thumbnail?id=1damQJKZAisNp3oIIRyF0UxvOr1lYdSUl&sz=w1000
2167365840.jpg,https://drive.google.com/thumbnail?id=1XrXtWaNe8hjNTM7Bld1Ot7e1bbT42nxK&sz=w1000
2148663218.jpg,https://drive.google.com/thumbnail?id=11yKRrOQi2guycCUPn8PcZUiqxDEg62Fu&sz=w1000
2148013097.jpg,https://drive.google.com/thumbnail?id=1doZHAF0W8j8bFq-zcdO1z8sYNCG9Sf0D&sz=w1000
2135425492.jpg,https://drive.google.com/thumbnail?id=1-Tmax9Tf3_PHNzqWGpOvXvRa6PdrJAtz&sz=w1000
2146640888.jpg,https://drive.google.com/thumbnail?id=1UVvZk4C0GGF2lEkR23aFS4XrDMoOGI1e&sz=w1000
2128119486.jpg,https://drive.google.com/thumbnail?id=1Pd01oJ5VLjY4Ed8ot-gy3ED0I4KgfRAT&sz=w1000
210788423.jpg,https://drive.google.com/thumbnail?id=123MjJhJMxXfGdw7cGtzbpba0XnjXKYkU&sz=w1000
2102422015.jpg,https://drive.google.com/thumbnail?id=1ZV5-x8KzX1EDoZn8fvZ6I-nzvLWWJ5zI&sz=w1000
2114936514.jpg,https://drive.google.com/thumbnail?id=15w_ma_G-3o6tdtmuYTV9GAJo0iF2W4vg&sz=w1000
2090545563.jpg,https://drive.google.com/thumbnail?id=13fd3wGlFo2tbYqjqye7bYszwEerSGMTy&sz=w1000
208472767.jpg,https://drive.google.com/thumbnail?id=1x9O7XTirxe_hsyHSmaD5Uee71Qd2l7X-&sz=w1000
209088143.jpg,https://drive.google.com/thumbnail?id=1wvKA1Rvk1Z1R0ruSBjiIoMIdM3cDvMHZ&sz=w1000
2089442007.jpg,https://drive.google.com/thumbnail?id=1CrpNYeEfmzNQU8Jbv4CPhf0K-QzYNwq3&sz=w1000
208025491.jpg,https://drive.google.com/thumbnail?id=1nI6Vo0DrfSoLLGdhAAry_i9jvF5bicNA&sz=w1000
2074244690.jpg,https://drive.google.com/thumbnail?id=1kEq-vHSzS6_kgecswFxu-2HxwFpO9eM8&sz=w1000
2090997177.jpg,https://drive.google.com/thumbnail?id=1w9kZKb1BbtRw4UVuEhmJPOPUBFhBEy5_&sz=w1000
2033696343.jpg,https://drive.google.com/thumbnail?id=1m2wSF7TwicAMt3_xIqPpOS4yYSQlM1Oq&sz=w1000
2059930850.jpg,https://drive.google.com/thumbnail?id=1ObC5faK4uLaVLyLW6o9NEnqA2cky5TiF&sz=w1000
2046332896.jpg,https://drive.google.com/thumbnail?id=1jy93x_8jSe-O_b2MnkLQ7BjySsa9j9Ql&sz=w1000
206370514.jpg,https://drive.google.com/thumbnail?id=1Uqjdbl7hCfAMAgj8_2StgdvnE5bUt9vH&sz=w1000
2065349349.jpg,https://drive.google.com/thumbnail?id=1PbrQGv8KZdj2cZmj5OdnQ4-3kCffdYop&sz=w1000
2058947638.jpg,https://drive.google.com/thumbnail?id=1PmrDBDm9ZMTOITr1FBsbVVr5obcNjHR6&sz=w1000
19788551.jpg,https://drive.google.com/thumbnail?id=1tKgXhW6uzdPB7q1uWVC0ySX8s98D2Zz-&sz=w1000
198409708.jpg,https://drive.google.com/thumbnail?id=18FfGrYHzsk3KknDwoabDlyArhLOCvk7K&sz=w1000
1955468182.jpg,https://drive.google.com/thumbnail?id=1_CsnNbFM3M4A7sBm3Zk-bO_99RtDq1c6&sz=w1000
19965828.jpg,https://drive.google.com/thumbnail?id=1bryRxZ2sHcXaw9dURD5bWstp_EMmpZ8b&sz=w1000
19469520.jpg,https://drive.google.com/thumbnail?id=1kMmusU3cxWs7xYJuZ43lCiC-vdIFfjZv&sz=w1000
1874497944.jpg,https://drive.google.com/thumbnail?id=1jua1QReDLOnonmFF7qASqNun6NgTos5X&sz=w1000
192618386.jpg,https://drive.google.com/thumbnail?id=1T1hh1mguIJKUTKl7O_isi_g6E1RDg3Jz&sz=w1000
189038731.jpg,https://drive.google.com/thumbnail?id=16qFm1CVhZ_b6F2W_V4U4k4O5hjj8hDyc&sz=w1000
1926129518.jpg,https://drive.google.com/thumbnail?id=1R3_1xZs6voe9RKEYrQ8SrfHu8kkBdUFk&sz=w1000
1874617189.jpg,https://drive.google.com/thumbnail?id=1ogfagsVcyosbaJZKIS6_9MD-jKPGBofp&sz=w1000
1876536922.jpg,https://drive.google.com/thumbnail?id=1B1CN-tVKocrhRpYWmt7x_2ieG6uzgH7_&sz=w1000
192305414.jpg,https://drive.google.com/thumbnail?id=1B-mE260UcpLlYoxF78VNN3RAwUM5Jm0A&sz=w1000
1931018353.jpg,https://drive.google.com/thumbnail?id=136V_684OxTUtK3xblJ4wyk-WJX60UpPx&sz=w1000
1918894054.jpg,https://drive.google.com/thumbnail?id=1XyfuFJKQEc6HDmiGZJxU7124ai3vTvYa&sz=w1000
1810651611.jpg,https://drive.google.com/thumbnail?id=1qwNrtfQhLKy64MY7bSd6Qrl84NaThxbM&sz=w1000
1860543210.jpg,https://drive.google.com/thumbnail?id=16l6YdxQ_FnJFVLurv_XQxg-6PGb59023&sz=w1000
184326428.jpg,https://drive.google.com/thumbnail?id=19tri_NN0WelirKbDZeyQef2xtUCXv80u&sz=w1000
1859941832.jpg,https://drive.google.com/thumbnail?id=1e_XUdV4sYGht65dX6Bi2APdIT_f5Lttb&sz=w1000
185075930.jpg,https://drive.google.com/thumbnail?id=1y1r0dwA8PRh-x-aW72uGMtzh-SkAigZq&sz=w1000
173621789.jpg,https://drive.google.com/thumbnail?id=1_qop5AEuBUJlZW9J1iVDWCFHPBMfzLNO&sz=w1000
1775741422.jpg,https://drive.google.com/thumbnail?id=1eApkvHFqZ3NumyF_aOR4SN80_jesQjWM&sz=w1000
1773928579.jpg,https://drive.google.com/thumbnail?id=1-jCfw0KCOnfO0DeOdRpUYEQoiZRjVRBT&sz=w1000
179122558.jpg,https://drive.google.com/thumbnail?id=1YZRiVC_PvShGSiKDos806n3KF2hGvqS3&sz=w1000
173616185.jpg,https://drive.google.com/thumbnail?id=1Ykd-v23N258t2oSRKi05XUs__1b8Uyuf&sz=w1000
1745110280.jpg,https://drive.google.com/thumbnail?id=1FvHFbh2Lk_DRH1OgDtk9a7xRNBDKbJUX&sz=w1000
1700282068.jpg,https://drive.google.com/thumbnail?id=1pWp3o4cyPZqUPwAwzxgl1WaeZTC793U5&sz=w1000
169959689.jpg,https://drive.google.com/thumbnail?id=1Wi9S9XmmimEd81brf4w0492I84ZMPS4e&sz=w1000
1678844410.jpg,https://drive.google.com/thumbnail?id=1Yqeeu8Jm9nD1LrDCNmsLQP-0QJxjanFV&sz=w1000
1579206585.jpg,https://drive.google.com/thumbnail?id=1kD8C8c56KLuxKW_QlAy-FytfslPm00BK&sz=w1000
157955034.jpg,https://drive.google.com/thumbnail?id=1XIMEv13iJJjcolRGbXOM69abTIBWTniL&sz=w1000
1567005236.jpg,https://drive.google.com/thumbnail?id=1dfH9WnLW0SAqGg9nTJAk-eVHY9cgaZqz&sz=w1000
1572532018.jpg,https://drive.google.com/thumbnail?id=1-KaVCm5vmgTBD6ri4OqN6tF5B_sfivhR&sz=w1000
156246815.jpg,https://drive.google.com/thumbnail?id=1cFTRXYhDfm5NgV1fDbqiAYXl--buCptI&sz=w1000
1509542787.jpg,https://drive.google.com/thumbnail?id=1gAno9eQ7nxYguQmtEVjWJ2lcaTZfvojy&sz=w1000
154257460.jpg,https://drive.google.com/thumbnail?id=1qP_B_lewOKEs4XsFg4rS0vYXh9phh0J_&sz=w1000
154789578.jpg,https://drive.google.com/thumbnail?id=1-PJvJoE3MJ59c6Dj9fSUIkCJQCaUuUEy&sz=w1000
151853042.jpg,https://drive.google.com/thumbnail?id=1s_ZmgojmPH2e257BUxnxeOU86unPIJ-j&sz=w1000
15308702.jpg,https://drive.google.com/thumbnail?id=1bO5WPxee5Uu8BewfTYmvpv4yzw96c_3_&sz=w1000
152979089.jpg,https://drive.google.com/thumbnail?id=1GrqrjmdccTNB1DquyzTDUIRz5brOAndh&sz=w1000
1516839584.jpg,https://drive.google.com/thumbnail?id=10yPk68DRkW-3Dy6Xkpc8xvfkqYx6ENLk&sz=w1000
149043687.jpg,https://drive.google.com/thumbnail?id=16F5iCA8OXkv4W2KDz0y3YfculbCDVDOP&sz=w1000
1482654385.jpg,https://drive.google.com/thumbnail?id=1eRlUzGilHKs3pMXPNFR4FRpisSsbrdO_&sz=w1000
1477476722.jpg,https://drive.google.com/thumbnail?id=1lnfBj2k4HUDq_VDaNM3xWkKvq-lwgDVd&sz=w1000
146577645.jpg,https://drive.google.com/thumbnail?id=1S98p25u3OThGwL5gBalATSw1IKDkKoWH&sz=w1000
1491016655.jpg,https://drive.google.com/thumbnail?id=1yp39IaW2-7xskED5u7Yvm5NBO6KyAjUU&sz=w1000
14698352.jpg,https://drive.google.com/thumbnail?id=1eHQQt1NV3xNrkQ-z_DF5vQ2_7Q8WaHpp&sz=w1000
150521539.jpg,https://drive.google.com/thumbnail?id=1JEGxrZQEOglDJojGeaAgQTylbcw1xJQ_&sz=w1000
1484815652.jpg,https://drive.google.com/thumbnail?id=1wKkbqlDYujwP2vOyDOj3owXPOET9VpQ2&sz=w1000
1469138762.jpg,https://drive.google.com/thumbnail?id=1mYv6BjKB1kcWc78B5DBIJ3KbUj6Bzv76&sz=w1000
1457898867.jpg,https://drive.google.com/thumbnail?id=1sD5hmgIvsQc6ZjloCo4sZJp0rzU8WXd5&sz=w1000
142786312.jpg,https://drive.google.com/thumbnail?id=1vxElMHeLEcn2ZDSx9BA3ghSwFSc9jPFp&sz=w1000
143237785.jpg,https://drive.google.com/thumbnail?id=1hXgE5p-adOYAm-LmrZ9JZMqdGoCi6Nzz&sz=w1000
1427822472.jpg,https://drive.google.com/thumbnail?id=1n5Wp2DDpkhsd43T3ek0Y6_pBSTxDUxxS&sz=w1000
1434167828.jpg,https://drive.google.com/thumbnail?id=15mFsLhFgoxCk94AV_Jp6YifB92K6wayL&sz=w1000
143446265.jpg,https://drive.google.com/thumbnail?id=12OKJU-vezI9ZZehB9UKYhAE5aJy-JYjs&sz=w1000
1457673153.jpg,https://drive.google.com/thumbnail?id=1P_c4hJKZxMfpESHN6aT3LY52crN3tHjF&sz=w1000
1394239063.jpg,https://drive.google.com/thumbnail?id=1_pN5x7ut582xLRmClOCmp7B_GD0Sg1HJ&sz=w1000
14153510.jpg,https://drive.google.com/thumbnail?id=1VI5jBBIr5xtdsFUP87hQxEMG-bhw28n2&sz=w1000
141118204.jpg,https://drive.google.com/thumbnail?id=1eyWRjUdrOaxBuSCbfUQ2Vnh2bfvWNZoP&sz=w1000
1400091666.jpg,https://drive.google.com/thumbnail?id=1dlsrXPahmCdTapmgJG2TXfGLVRflGVty&sz=w1000
1399295078.jpg,https://drive.google.com/thumbnail?id=1NyYCxgOmGwUl-o3YOE5cytvc-uEMOX4X&sz=w1000
1413647425.jpg,https://drive.google.com/thumbnail?id=1E5wSy110e13yO4aH0TGYtH7VK0b49ICj&sz=w1000
1411855204.jpg,https://drive.google.com/thumbnail?id=1osaFxESZi8F7kIf51c51ERFbXshjOWE8&sz=w1000
1396064003.jpg,https://drive.google.com/thumbnail?id=1DmK5fLJ78r8SYflTz2qjt2hMaHgjdKRF&sz=w1000
1370615506.jpg,https://drive.google.com/thumbnail?id=1vgHOHxpYYeKNnck_A-YJZU09ABiNOmR7&sz=w1000
1338067602.jpg,https://drive.google.com/thumbnail?id=1y47gCb9_UpxMul5x4wBbAejS6Nejnxrr&sz=w1000
131853788.jpg,https://drive.google.com/thumbnail?id=1AQsqJtF1YY7Kl-3ipg6a6gYEPwLFlYtO&sz=w1000
13051044.jpg,https://drive.google.com/thumbnail?id=1t9aqk7y1qrm2KCpBASY_yg-NZZwsSIBC&sz=w1000
1303157527.jpg,https://drive.google.com/thumbnail?id=1-hfY3FXF4iGT93M6ddrTkzguDXdcivWz&sz=w1000
1297871927.jpg,https://drive.google.com/thumbnail?id=1cexZbizJC_qD8M81v60smPnmfGe9LlWl&sz=w1000
129441311.jpg,https://drive.google.com/thumbnail?id=1vmToBwKV0vFxFGO7eJ9jAek4uB4a4K7N&sz=w1000
1279461814.jpg,https://drive.google.com/thumbnail?id=1nf1nIvCbcl9-JkMMEBVHU9tetONTlU05&sz=w1000
1273001772.jpg,https://drive.google.com/thumbnail?id=1tO-GIO-RPwbwJMUjGqMWtc4klQQXB3nD&sz=w1000
1275693139.jpg,https://drive.google.com/thumbnail?id=1wdFm7tivLpq_nMqIowTQCpzOMvTXOhHz&sz=w1000
1262808368.jpg,https://drive.google.com/thumbnail?id=1b5Ppt7JfrNqzh2BaHgNInqaiFnkyf5Tj&sz=w1000
1245194315.jpg,https://drive.google.com/thumbnail?id=1SmkUaclMlDSmBIhUYfdKOA03EL18uaja&sz=w1000
1220401002.jpg,https://drive.google.com/thumbnail?id=10wQPWYMnM7GQbz8bjbC7qY-emVB3Txhq&sz=w1000
120889725.jpg,https://drive.google.com/thumbnail?id=1YxgGVA_Iibj7Qj9E1SwvoiJ17B75VopM&sz=w1000
1189977786.jpg,https://drive.google.com/thumbnail?id=1XriTvGZlfj3GmENg99bUlqJk-m2A9M7n&sz=w1000
1167908324.jpg,https://drive.google.com/thumbnail?id=151Da2-MQ0m6zq8fZ2mVoT9SFXxUkd36x&sz=w1000
1167144956.jpg,https://drive.google.com/thumbnail?id=1ByJBYAwA3bPBnnZNmSRDEg3OJyDV2sLw&sz=w1000
1159425410.jpg,https://drive.google.com/thumbnail?id=1VzUomgmS5fX3-h7_WDlx-WSdpaJatV1r&sz=w1000
115275671.jpg,https://drive.google.com/thumbnail?id=1FmoqJQVTeKcHFQ_SK-H7BRzRSBAemgez&sz=w1000
1148889628.jpg,https://drive.google.com/thumbnail?id=1BxMpUFrRXlQYfkvLRnoDLlTZa63agFDG&sz=w1000
1126137905.jpg,https://drive.google.com/thumbnail?id=1h_EZt38mZVXAcND7s0rJhFOx2F25W0FQ&sz=w1000
1126403094.jpg,https://drive.google.com/thumbnail?id=1eWAuYgVoi0wK9agTpYfX1zHnN55z4CQZ&sz=w1000
112220869.jpg,https://drive.google.com/thumbnail?id=1ROkR38skV7lN1zdEU1KAll7kxRKY9zvP&sz=w1000
1122177096.jpg,https://drive.google.com/thumbnail?id=1vaCnbMkQeeiDqTdFArA2lU2JW-G6okqH&sz=w1000
111537222.jpg,https://drive.google.com/thumbnail?id=1k4zZ3qLjvucUOxpDk2IAJraojvPtyyk0&sz=w1000
1082110795.jpg,https://drive.google.com/thumbnail?id=1thupUXs-QIh3JUAputofbhgQKIDlTX7g&sz=w1000
1082223338.jpg,https://drive.google.com/thumbnail?id=1K-2hhXgJOMBixub7ySJqgpkKNmbYFbb_&sz=w1000
1068427675.jpg,https://drive.google.com/thumbnail?id=1UsZlatkls36_tRAPZCeeo7xzsV3Vr7j4&sz=w1000
104835889.jpg,https://drive.google.com/thumbnail?id=1IdhpHnXF8o82_HiFKjAr2IImCtw_4gJT&sz=w1000
103328091.jpg,https://drive.google.com/thumbnail?id=1bFns4CBappWM7KXKbDMyIxXqJc4a2c5q&sz=w1000
102860573.jpg,https://drive.google.com/thumbnail?id=13WBg4sdO7MRk-uq287-FiudAhKNqiRCC&sz=w1000
10287332.jpg,https://drive.google.com/thumbnail?id=1XIQUzFbpCDZMd1eBaKJ9aWh0ebTuB4ZA&sz=w1000
103195344.jpg,https://drive.google.com/thumbnail?id=1BEEaEEiyZEfzy_083wiA9ANdSFznQfE9&sz=w1000
1020651753.jpg,https://drive.google.com/thumbnail?id=1yB9KZBGWZBCpYP9deuABFzPdoFR2iseY&sz=w1000
1022975728.jpg,https://drive.google.com/thumbnail?id=1pYYa8X1U31UiHSMMxNhhbi4YKAEvZeeU&sz=w1000
1021293940.jpg,https://drive.google.com/thumbnail?id=1yIo1Y_i8rvTJZaF6uf6_9CI1hX7nvwzl&sz=w1000
1016626169.jpg,https://drive.google.com/thumbnail?id=1pvJtDfIV-02mNv8qioq8DBUIn6cJUPS6&sz=w1000
1014785440.jpg,https://drive.google.com/thumbnail?id=1i-NWpx6sUnr28pJfgEDorRuI6BlfGUrw&sz=w1000
101559400.jpg,https://drive.google.com/thumbnail?id=1gn51AAYjiuzI5kHQ9sTrag8CwIemS94p&sz=w1000
